code,name,country,region,lat,lng
ZOS,Osorno,Chile,Los Lagos,-40.576190,-73.114947
BAV,Baotou,China,Inner Mongolia,40.657978,109.840313
KWL,Guilin,China,,25.234479,110.179953
NNG,Nanning,China,Guangxi,22.817002,108.366543
URC,Urumqi,China,,43.825592,87.616848
XIN,Xingning,China,,24.136708,115.731168
XNN,Xining,China,Qinghai,36.617134,101.778223
YNJ,Yanji,China,,42.891255,129.508945
YIH,Yichang,China,Hubei,30.691966,111.286471
PEI,Pereira,Colombia,Risaralda,4.808717,-75.690601
ADZ,San Andres Island,Colombia,,12.545015,-81.707579
ZAD,Zadar,Croatia,Zagrebačka županija,44.119371,15.231365
GMA,Gemena,"Congo, The Democratic Republic Of The",,3.251553,19.777026
GOM,Goma,"Congo, The Democratic Republic Of The",,-1.658501,29.220455
KGA,Kananga,"Congo, The Democratic Republic Of The",,-5.897522,22.417226
FKI,Kisangani,"Congo, The Democratic Republic Of The",,0.518530,25.200773
FBM,Lubumbashi,"Congo, The Democratic Republic Of The",,-11.687603,27.502617
MDK,Mbandaka,"Congo, The Democratic Republic Of The",,0.026572,18.297069
LTX,Latacunga,Ecuador,Cotopaxi,-0.931556,-78.605850
ASW,Aswan,Egypt,,24.088938,32.899829
HRG,Hurghada,Egypt,,27.257896,33.811607
JOE,Joensuu,Finland,Pohjois-Karjala,62.601016,29.763572
JYV,Jyvaskyla,Finland,,62.242603,25.747257
KAJ,Kajaani,Finland,,64.222178,27.727850
KEM,Kemi/Tornio,Finland,,65.780963,24.575908
KUO,Kuopio,Finland,Pohjois-Savo,62.897970,27.678173
KAO,Kuusamo,Finland,Pohjois-Pohjanmaa,65.964588,29.188665
POR,Pori,Finland,,61.485139,21.797418
BIA,Bastia,France,Haute-Corse,42.697283,9.450881
BES,Brest,France,Finistère,48.390394,-4.486076
CLY,Calvi,France,Haute-Corse,42.567651,8.757222
PUF,Pau,France,Pyrénées-Atlantiques,43.2951,-0.370797
JTY,Astypalaia Island,Greece,,36.538981,26.313136
CHQ,"Chania, Crete",Greece,,35.513830,24.018037
JKH,Chios,Greece,,38.368182,26.131006
IOA,Ioannina,Greece,,39.665029,20.853747
AOK,Karpathos,Greece,,35.506563,27.212351
KSJ,Kasos Island,Greece,,35.401053,26.926367
KIT,Kythira,Greece,,36.263269,22.977370
LXS,Lemnos,Greece,,39.919841,25.141484
LRS,Leros,Greece,,37.140914,26.848843
KZS,Megisti,Greece,,36.144480,29.586158
JMK,Mikonos,Greece,,37.446735,25.328885
MJT,Mytilene,Greece,,39.106738,26.557275
JNX,Naxos,Greece,,37.103567,25.377673
JTR,Santorini,Greece,,36.393156,25.461509
JSH,Sitia,Greece,,35.208650,26.105233
SKU,Skiros,Greece,,38.816297,24.595536
JSY,Spyros Island,Greece,,,
ZTH,Zakinthos,Greece,,,
LLU,Alluitsup Paa,Greenland,,60.463002,-45.570570
JAV,Ilulissat,Greenland,,69.219812,-51.098603
SFJ,Kangerlussuaq,Greenland,,67.009478,-50.721150
KUS,Kulusuk,Greenland,,65.568090,-37.1873
JSU,Maniitsoq,Greenland,,65.407676,-52.900572
JNN,Nanortalik,Greenland,,60.142496,-45.239495
GOH,Nuuk,Greenland,,64.181410,-51.694138
JFR,Paamiut,Greenland,,61.994115,-49.666571
NAQ,Qaanaaq,Greenland,,77.467043,-69.228483
JJU,Qaqortoq,Greenland,,60.718986,-46.035346
JCH,Qasigiannguit,Greenland,,68.821974,-51.181789
JGO,Qeqertarsuaq,Greenland,,69.243766,-53.541319
JHS,Sisimiut,Greenland,,66.939472,-53.673386
AGM,Tasiilaq,Greenland,,65.613456,-37.633570
LKO,Lucknow,India,Uttar Pradesh,26.846694,80.946166
TRZ,Tiruchirapally,India,,10.790483,78.704673
VNS,Varanasi,India,Uttar Pradesh,25.317645,82.973914
AMI,Mataram,Indonesia,Nusa Tenggara Barat (NTB),-8.576995,116.100489
BND,"Bandar Abbas, Iran","Iran, Islamic Republic Of",,27.183222,56.266646
KIK,Kirkuk,Iraq,,35.465576,44.380392
OSM,Mosul,Iraq,,36.356648,43.1640
AHO,Alghero,Italy,Sassari,,
CAG,Cagliari,Italy,Cagliari,39.223841,9.121661
SUF,Lamezia Terme,Italy,Catanzaro,38.962912,16.309272
PEG,Perugia,Italy,Perugia,43.110717,12.390828
REG,Reggio Calabria,Italy,Reggio Calabria,38.111301,15.647291
RMI,Rimini,Italy,Rimini,44.067829,12.569516
VBS,Verona-Brescia,Italy,,45.529969,10.226571
AXT,Akita,Japan,Akita,39.718614,140.102364
KMJ,Kumamoto,Japan,Kumamoto,32.8031,130.707891
OIT,Oita,Japan,Oita,33.239558,131.609272
SDJ,Sendai,Japan,,38.268215,140.869356
TAK,Takamatsu,Japan,Kagawa,34.342788,134.046574
TKS,Tokushima,Japan,Tokushima,34.070270,134.554844
CIT,Shimkent,Kazakhstan,,42.341685,69.590101
EDL,Eldoret,Kenya,,0.514278,35.269780
KLJ,Klaipeda,Lithuania,,55.703295,21.144279
PLQ,Palanga,Lithuania,,55.920198,21.067762
SMS,St. Marie,Madagascar,,-16.894420,49.905941
AOR,Alor Setar,Malaysia,,6.1248,100.367818
XPQ,Port Klang,Malaysia,,2.999852,101.392830
SDK,"Sandakan, Sabah",Malaysia,,5.839444,118.117173
TWU,"Tawau, Sabah",Malaysia,,4.244651,117.891186
KWA,Kwajalein,Marshall Islands,,8.716667,167.733333
CUU,Chihuahua,Mexico,Chihuahua,28.632996,-106.0691
ZIH,Ixtapa/Zihuatanejo,Mexico,Guerrero,17.662566,-101.587340
BJX,Leon/Guanajuato,Mexico,,21.125008,-101.685961
MZT,Mazatlan,Mexico,Sinaloa,23.249415,-106.411143
TSA,Taipei,"Taiwan, ROC",,,
GRK,Killeen/Fort Hood,United States,Illinois,,
LSA,Losuia,Papua New Guinea,,,
GKA,Goroka,Papua New Guinea,,,
PVR,Puerto Vallarta,Mexico,Jalisco,20.653407,-105.225332
SLP,San Luis Potosi,Mexico,,22.156470,-100.985541
TIJ,Tijuana,Mexico,Baja California,32.514947,-117.038247
TKK,"Truk, Caroline Is.","Micronesia, Federated States Of",,,
FEZ,Fez,Morocco,,34.018125,-5.007845
OZZ,Ouarzazate,Morocco,,30.933544,-6.937016
OUD,Oujda,Morocco,,34.681962,-1.900155
VPY,Chimoio,Mozambique,,-19.105488,33.460774
VXC,Lichinga,Mozambique,,-13.302356,35.247811
UEL,Quelimane,Mozambique,,-17.850264,36.921858
MDL,Mandalay,Myanmar,,21.958828,96.089103
BHE,Blenheim,New Zealand,Marlborough,-41.513443,173.961250
HLZ,Hamilton,New Zealand,Waikato,-37.787001,175.279253
IVC,Invercargill,New Zealand,Southland,-46.413187,168.353773
NPL,New Plymouth,New Zealand,Taranaki,-39.055625,174.075228
ROT,Rotorua,New Zealand,Bay of Plenty,-38.136848,176.249746
BDU,Bardufoss,Norway,Troms,69.064308,18.538515
HAU,Haugesund,Norway,Rogaland,59.413581,5.267987
HVG,Honningsvag,Norway,,70.982291,25.970207
MJF,Mosjoen,Norway,,65.836924,13.193401
HOV,Orsta/Volda,Norway,,62.179992,6.079171
SSJ,Sandnessjoen,Norway,,66.021553,12.631463
SKN,Stokmarknes,Norway,Nordland,68.564838,14.909872
VDS,Vadso,Norway,,70.158334,29.811671
IQT,Iquitos,Peru,,-3.743674,-73.251633
BCD,Bacolod,Philippines,,10.640739,122.968957
BSO,Basco,Philippines,Province of Batanes,20.463438,122.004179
BXU,Butuan,Philippines,,8.947538,125.540623
CGY,Cagayan De Oro,Philippines,,8.454236,124.631898
CRM,Catarman,Philippines,,12.419845,124.641403
CBO,Cotabato,Philippines,,7.108335,125.038816
DPL,Dipolog,Philippines,,8.514274,123.337392
DGT,Dumaguete,Philippines,,9.306840,123.305447
GES,General Santos,Philippines,,6.116386,125.171618
ILO,Iloilo,Philippines,,10.720150,122.562106
KLO,Kalibo,Philippines,,11.689224,122.367428
LAO,Laoag,Philippines,,18.196013,120.592668
MBT,Masbate,Philippines,,12.306024,123.558856
WNP,Naga,Philippines,Province of Cebu,13.621775,123.194824
OZC,Ozamis City,Philippines,,8.162411,123.774120
RXS,Roxas City,Philippines,,11.552882,122.740723
SUG,Surigao,Philippines,,9.757131,125.513767
TUG,Tuguegarao,Philippines,,17.613181,121.727021
ZAM,Zamboanga,Philippines,,6.921442,122.079027
RZE,Rzeszow,Poland,,50.041187,21.999120
SZZ,Szczecin,Poland,,53.428544,14.552812
ARW,Arad,Romania,,46.186561,21.312268
BCM,Bacau,Romania,,46.567044,26.914575
WBM,Wapenamanda,Papua New Guinea,,,
BUL,Bulolo,Papua New Guinea,,,
VAI,Vanimo,Papua New Guinea,,,
MDU,Mendi,Papua New Guinea,,,
BAY,Baia Mare,Romania,,47.656739,23.584988
IAS,Iasi,Romania,Iaşi,47.158455,27.601442
OMR,Oradea,Romania,,47.046501,21.918944
SUJ,Satu Mare,Romania,,47.801670,22.857593
SCV,Suceava,Romania,,47.663452,26.273230
TGM,Tirgu Mures,Romania,Mureş,46.538586,24.551439
BTK,Bratsk,Russian Federation,,56.173766,101.603898
KHV,Khabarovsk,Russian Federation,,48.502731,135.066260
GDX,Magadan,Russian Federation,,59.561153,150.830141
MRV,Mineralnye Vody,Russian Federation,,44.211675,43.123853
NSK,Norilsk,Russian Federation,,69.355790,88.189294
SCW,Syktyvkar,Russian Federation,,61.647851,50.833903
OGZ,Vladikavkaz,Russian Federation,,43.025234,44.665976
AHB,Abha,Saudi Arabia,,18.246469,42.511724
YNB,Yanbo,Saudi Arabia,,24.023176,38.189978
BFN,Bloemfontein,South Africa,Free State,-29.085214,26.159576
MAH,Menorca,Spain,,39.949629,4.110445
MJV,Murcia,Spain,Murcia,37.992240,-1.130654
EAS,San Sebastian,Spain,Provincia de Ourense,43.318334,-1.981231
SPC,Santa Cruz La Palma,Spain,,28.683989,-17.764575
SDR,Santander,Spain,Provincia de Cantabria,43.462306,-3.809980
PZU,Port Sudan,Sudan,Red Sea,19.590347,37.190162
MTS,Manzini,Swaziland,,-26.5082,31.371316
BKZ,Bukoba,"Tanzania, United Republic Of",,-1.329641,31.805013
MBI,Mbeya,"Tanzania, United Republic Of",,-8.909401,33.460774
MYW,Mtwara,"Tanzania, United Republic Of",,-10.311224,40.175981
DMK,Bangkok-Don Muang,Thailand,,13.921240,100.580250
DJE,Djerba,Tunisia,,33.807598,10.845147
BJV,Bodrum,Turkey,Muğla,37.034407,27.430540
DLM,Dalaman,Turkey,Muğla,36.766620,28.799991
DNZ,Denizli,Turkey,Denizli,37.783016,29.096333
DIY,Diyarbakir,Turkey,Diyarbakir,37.924973,40.210983
HTY,Hatay,Turkey,Hatay,36.401849,36.349810
ASR,Kayseri,Turkey,Kayseri,38.720489,35.482597
MLX,Malatya,Turkey,Malatya,38.355363,38.333525
VAS,Sivas,Turkey,Sivas,39.750545,37.015022
CKC,Cherkassy,Ukraine,,49.444433,32.059767
CWC,Chernovtsy,Ukraine,,48.292079,25.935837
KWG,Krivoy Rog,Ukraine,,47.910483,33.391783
LWO,Lvov,Ukraine,,49.839683,24.029717
NLV,Nikolaev,Ukraine,,46.975033,31.994583
SIP,Simferopol,Ukraine,Respublika Krym,44.952117,34.102417
TNL,Ternopol,Ukraine,Ternopil's'ka Oblast',49.553517,25.594767
OZH,Zaporozhye,Ukraine,,47.8388,35.139567
BEB,"Benbecula, Hebrides",United Kingdom,,57.456519,-7.282039
GCI,Guernsey,United Kingdom,,51.452271,-0.955332
LPL,Liverpool,United Kingdom,Liverpool,53.408371,-2.991573
SYY,Stornoway,United Kingdom,Eilean Siar,58.209435,-6.384869
MDW,Chicago,United States,Illinois,,
ABI,Abilene,United States,Texas,32.448736,-99.733144
AGS,Augusta,United States,Georgia,33.473498,-82.010515
BIL,Billings,United States,Montana,45.783286,-108.500690
BZN,Bozeman,United States,Montana,45.676998,-111.042934
CRP,Corpus Christi,United States,Texas,27.800583,-97.396381
DAB,Daytona Beach,United States,Florida,29.210815,-81.022833
EVV,Evansville,United States,Indiana,37.971559,-87.571090
GRB,Green Bay,United States,Wisconsin,44.519159,-88.019826
JAC,Jackson Hole,United States,Wyoming,43.479929,-110.762428
JNU,Juneau,United States,Alaska,58.301944,-134.419722
OGG,Kahului/Maui,United States,Hawaii,20.889335,-156.472947
TYS,Knoxville,United States,Tennessee,35.960638,-83.920739
LBB,Lubbock,United States,Texas,33.577863,-101.855167
MLB,Melbourne,United States,Florida,28.083627,-80.608109
MLI,Moline,United States,Illinois,41.5067,-90.515134
MYR,Myrtle Beach,United States,South Carolina,33.689060,-78.886694
SWF,Newburgh,United States,New York,41.503427,-74.010418
PHF,Newport News,United States,Virginia,37.087082,-76.473012
PNS,Pensacola,United States,Florida,30.421309,-87.216915
PIA,Peoria,United States,Illinois,40.693649,-89.588986
SIT,Sitka,United States,Alaska,57.053056,-135.33
TOL,Toledo,United States,Ohio,41.663938,-83.555212
SKD,Samarkand,Uzbekistan,,39.627012,66.974973
TMJ,Termez,Uzbekistan,Surkhondaryo,37.261069,67.308624
UGC,Urgench,Uzbekistan,,41.534532,60.624889
AFS,Zarafshan,Uzbekistan,,41.574366,64.183316
RIY,"Riyan, Yemen",Yemen,,14.666238,49.378008
GXF,"Seiyun, Yemen",Yemen,,15.949543,48.809567
TAI,Taiz,Yemen,,13.577589,44.017799
LVI,Livingstone,Zambia,,-17.851979,25.828515
NLA,Ndola,Zambia,,-12.990641,28.649814
VFA,Victoria Falls,Zimbabwe,,-17.931805,25.825558
HRI,Hambantota,Sri Lanka,,6.142883,81.121231
TLQ,Turpan,China,,42.951303,89.189752
VPE,Ondjiva,Angola,Cunene,-17.062709,15.702846
MIN,Minnipa,Australia,South Australia,-32.802469,135.172554
MFL,Wando Vale,Australia,,-37.503981,141.444740
RBO,Robore,"Bolivia, Plurinational State Of",,-18.334953,-59.760266
FSC,Figari,France,Corse-du-Sud,41.487340,9.130112
FDH,Friedrichshafen,Germany,Baden-Württemberg,47.661765,9.480011
DZN,Zhezkazgan,Kazakhstan,,47.796366,67.702002
LCJ,Lodz,Poland,Lódzkie,51.759249,19.455983
HOF,Hofuf,Saudi Arabia,,25.314156,49.629908
ERA,Erigavo,Somalia,,10.614965,47.365760
ALP,Aleppo,Syrian Arab Republic,,36.202105,37.134260
SON,Luganville,Vanuatu,,-15.506433,167.200275
YXC,Cranbrook,Canada,British Columbia,49.512968,-115.7694
YXJ,Ft. St. John,Canada,British Columbia,56.252423,-120.846409
YQX,Gander,Canada,Newfoundland and Labrador,48.954408,-54.610349
YGP,Gaspe,Canada,Quebec,48.831635,-64.486902
YQU,Grande Prairie,Canada,Alberta,55.169940,-118.798615
YKA,Kamloops,Canada,British Columbia,50.674522,-120.327267
YGK,Kingston,Canada,Ontario,44.231172,-76.485954
YXH,Medicine Hat,Canada,Alberta,50.040549,-110.676426
YYY,Mont Joli,Canada,Quebec,48.585614,-68.190099
YCD,Nanaimo,Canada,British Columbia,49.165884,-123.940065
YYF,Penticton,Canada,British Columbia,49.499138,-119.593708
YXS,Prince George,Canada,British Columbia,53.917064,-122.749669
YPR,Prince Rupert,Canada,British Columbia,54.315037,-130.320819
YBG,Saguenay,Canada,Quebec,48.428053,-71.068492
YZP,Sandspit,Canada,British Columbia,53.243025,-131.820879
YZR,Sarnia,Canada,Ontario,42.974536,-82.406590
YXT,Terrace,Canada,British Columbia,54.518193,-128.603154
YTS,Timmins,Canada,Ontario,48.475821,-81.330495
YVO,Val D'Or,Canada,Quebec,48.098711,-77.796768
YYJ,Victoria,Canada,British Columbia,48.428421,-123.365644
YWK,Wabush,Canada,Newfoundland and Labrador,52.900428,-66.865529
YQG,Windsor,Canada,Ontario,42.314937,-83.036363
SID,Sal,Cape Verde,,16.726615,-22.929711
CCP,Concepcion,Chile,,-36.820135,-73.044390
MAA,Chennai,India,Tamil Nadu,13.082680,80.270718
UFA,Ufa,Russian Federation,,54.738762,55.972055
ULY,Ulyanovsk,Russian Federation,,54.318160,48.383791
UUS,Yuzhno-Sakhalinsk,Russian Federation,Sakhalinskaya oblast',46.964113,142.734756
VOZ,Voronezh,Russian Federation,,51.675497,39.208882
KGL,Kigali,Rwanda,,-1.970579,30.104429
DMM,Dammam,Saudi Arabia,Al Mintaqah ash Sharqiyah,26.392667,49.977714
RUH,Riyadh,Saudi Arabia,Ar Riyad,24.713552,46.675296
ARN,Stockholm-Arlanda,Sweden,Stockholm,59.649762,17.923781
GOT,Gothenburg,Sweden,Västra Götaland,57.708870,11.974560
MMA,Malmo-Metro,Sweden,,55.609067,12.999923
NYO,Nykoping,Sweden,,58.752844,17.009159
ORB,Orebro-Bofors,Sweden,,59.228056,15.04
VST,Vasteras,Sweden,,59.609901,16.544809
LJU,Ljubljana,Slovenia,Ljubljana,46.056947,14.505752
KSC,Kosice,Slovakia,Košický kraj,48.716386,21.261075
DKR,Dakar,Senegal,,14.764504,-17.366029
HGA,Hargeisa,Somalia,,9.562389,44.077013
MGQ,Mogadishu,Somalia,,2.046934,45.318162
SXM,St Maarten,Sint Maarten (Dutch Part),,18.042480,-63.054830
DAM,Damascus,Syrian Arab Republic,,33.513807,36.276528
LFW,Lome,Togo,,6.172497,1.231362
HDY,Hat Yai,Thailand,,7.008647,100.474688
HKT,Phuket,Thailand,,7.951933,98.338088
MIR,Monastir,Tunisia,,35.764252,10.811289
TBU,Tongatapu,Tonga,,-21.146597,-175.251548
ADA,Adana,Turkey,Adana,36.991419,35.330829
ESB,Ankara-Esenboga,Turkey,,40.124440,32.991673
GZT,Gaziantep,Turkey,Gaziantep,37.065953,37.378110
SAW,Sabiha Gokcen,Turkey,,40.905371,29.316860
TAB,Tobago,Trinidad And Tobago,,11.233691,-60.698891
FUN,Funafuti,Tuvalu,,-8.521147,179.196193
TPE,Taipei,"Taiwan, ROC",Taipei City,25.032969,121.565418
DAR,Dar es Salaam,"Tanzania, United Republic Of",,-6.792354,39.208328
ZNZ,Zanzibar,"Tanzania, United Republic Of",,-6.135730,39.362120
ODS,Odessa,Ukraine,,46.482526,30.723310
EBB,Entebbe,Uganda,,0.051184,32.463708
ACT,Waco,United States,Texas,31.549333,-97.146670
ALB,Albany,United States,New York,42.652579,-73.756232
ATL,Atlanta,United States,Georgia,33.748995,-84.387982
ATW,Appleton,United States,Wisconsin,44.261931,-88.415385
AUS,Austin,United States,Texas,30.267153,-97.743061
BAF,Westfield,United States,Massachusetts,42.125093,-72.749538
BDR,Bridgeport,United States,Connecticut,41.186548,-73.195177
BFR,Bedford,United States,Indiana,42.490623,-71.276009
BHM,Birmingham,United States,Alabama,33.520661,-86.802490
BLD,Boulder City,United States,Nevada,35.978222,-114.834512
BNA,Nashville,United States,Tennessee,36.162664,-86.781602
BTR,Baton Rouge,United States,Louisiana,30.458283,-91.140320
BTV,Burlington,United States,Vermont,44.475883,-73.212072
BUF,Buffalo,United States,New York,42.886447,-78.878369
CAE,Columbia,United States,South Carolina,34.000710,-81.034814
CLT,Charlotte,United States,North Carolina,35.227087,-80.843127
DEN,Denver,United States,Colorado,39.739236,-104.990251
DLH,Duluth,United States,Minnesota,46.786672,-92.100485
DSM,Des Moines,United States,Iowa,41.600545,-93.609106
ELP,El Paso,United States,Texas,31.761878,-106.485022
EWR,Newark,United States,New Jersey,40.735657,-74.172367
FAR,Fargo,United States,North Dakota,46.877186,-96.789803
FLO,Florence,United States,South Carolina,34.195433,-79.762563
FSD,Sioux Falls,United States,South Dakota,43.544596,-96.731103
GSO,Greensboro,United States,North Carolina,36.072635,-79.791975
GTF,Great Falls,United States,Montana,47.494184,-111.283345
GVT,Greenville,United States,Texas,34.852618,-82.394010
HFD,Hartford-Springfield,United States,Connecticut,42.101483,-72.589811
HNL,Honolulu,United States,Hawaii,21.306944,-157.858333
HOU,Houston-Hobby,United States,Texas,29.645272,-95.277329
IAH,Houston,United States,Texas,29.760427,-95.369803
JAN,Jackson,United States,Mississippi,32.298757,-90.184810
JFK,New York-JFK,United States,New York,40.641311,-73.778139
LGB,Long Beach,United States,California,33.770050,-118.193740
LIT,Little Rock,United States,Arkansas,34.746481,-92.289595
LNK,Lincoln,United States,Nebraska,40.825763,-96.685198
LRD,Laredo,United States,Texas,27.530567,-99.480324
MCO,Orlando-Intl,United States,Florida,28.431158,-81.308083
MEM,Memphis,United States,Tennessee,35.149534,-90.048980
MFE,McAllen,United States,Texas,26.203407,-98.230012
KLU,Klagenfurt,Austria,Kärnten,,
BNU,Blumenau,Brazil,Santa Catarina,,
CPO,Copiapo,Chile,,,
ZAL,Valdivia,Chile,Los Lagos,,
CZX,Changzhou,China,Jiangsu,,
LJG,Lijiang,China,Shandong,,
LZH,Liuzhou,China,,,
YTY,Yangzhou,China,,,
GRX,Granada,Spain,Provincia de Granada,,
BIQ,Biarritz,France,Pyrénées-Atlantiques,,
HUY,Humberside,United Kingdom,,,
PLH,Plymouth,United Kingdom,,,
HNA,Hanamaki,Japan,Iwate,,
TIU,Timaru,New Zealand,Canterbury,,
WAG,Wanganui,New Zealand,Manawatu-Wanganui,,
GUR,Alotau,Papua New Guinea,,,
MIA,Miami-Intl,United States,Florida,25.797060,-80.275192
MOB,Mobile,United States,Alabama,30.695366,-88.039891
MSN,Madison,United States,Wisconsin,43.073052,-89.401230
NYC,New York-Metro,United States,New York,40.718637,-74.000531
OAK,Oakland,United States,California,37.804364,-122.271114
OLU,Columbus,United States,Nebraska,39.961176,-82.998794
OMA,Omaha,United States,Nebraska,41.252363,-95.997988
ONT,Ontario,United States,California,34.063344,-117.650888
ORD,Chicago-O'Hare,United States,Illinois,41.974163,-87.907321
PBI,West Palm Beach,United States,Florida,26.715342,-80.053375
PHL,Philadelphia,United States,Pennsylvania,39.952584,-75.165222
PHX,Phoenix,United States,Arizona,33.448377,-112.074037
PIT,Pittsburgh,United States,Pennsylvania,40.440625,-79.995886
PSP,Palm Springs,United States,California,33.830296,-116.545292
PVD,Providence,United States,Rhode Island,41.823989,-71.412834
RDU,Raleigh-Durham,United States,North Carolina,35.899168,-78.863640
RIC,Richmond,United States,Virginia,37.540725,-77.436048
SAC,Sacramento-Metro,United States,California,38.589033,-121.510628
SBN,South Bend,United States,Indiana,41.676355,-86.251990
SEA,Seattle- Tacoma,United States,Washington,47.450250,-122.308817
SFB,Sanford,United States,Florida,28.802861,-81.269453
SYR,Syracuse,United States,New York,43.048122,-76.147424
TUL,Tulsa,United States,Oklahoma,36.153982,-95.992775
WAS,Washington-Metro,United States,District of Columbia,38.977113,-77.020461
YKM,Yakima,United States,Washington,46.602071,-120.505899
MVD,Montevideo,Uruguay,,-34.901113,-56.164531
CCS,Caracas,"Venezuela, Bolivarian Republic Of",,10.480594,-66.903606
PMV,Porlamar,"Venezuela, Bolivarian Republic Of",,10.957022,-63.869966
EIS,Tortola-Beef Island,"Virgin Islands, British",,18.4442,-64.537180
DAD,Da Nang,Vietnam,Quang Nam Province,16.054407,108.202167
HAN,Hanoi,Vietnam,Hanoi City,21.027764,105.834160
SGN,Ho Chi Minh City,Vietnam,Ho Chi Minh City,10.823099,106.629664
APW,Apia,Samoa,,-13.850696,-171.751355
CPT,Cape Town,South Africa,Western Cape,-33.924869,18.424055
JNB,Johannesburg,South Africa,Gauteng,-26.204103,28.047305
PLZ,Port Elizabeth,South Africa,,-33.713925,25.520736
LUN,Lusaka,Zambia,,-15.387526,28.322817
HRE,Harare,Zimbabwe,,-17.825166,31.033510
RKT,Ras Al Khaima,United Arab Emirates,,25.800693,55.976199
KBL,Kabul,Afghanistan,,34.555349,69.207486
KDH,Kandahar,Afghanistan,,31.628871,65.737175
TIA,Tirana,Albania,,41.327546,19.818698
EVN,Yerevan,Armenia,Erevan,40.179186,44.499103
SZA,Soyo,Angola,,-6.141027,12.352115
BUE,Buenos Aires-Metro,Argentina,,,
COR,Cordoba,Argentina,,-31.420083,-64.188776
GRZ,Graz,Austria,Steiermark,47.070714,15.439504
LNZ,Linz,Austria,Oberösterreich,48.306940,14.285830
ADL,Adelaide,Australia,South Australia,-34.928499,138.600746
DRW,Darwin,Australia,Northern Territory,-12.463440,130.845642
PER,Perth,Australia,Western Australia,-31.950527,115.860457
SYD,Sydney,Australia,New South Wales,-33.868820,151.209296
AUA,Aruba,Aruba,,12.521110,-69.968338
ZXT,Baku-Zabrat Airport,Azerbaijan,,40.491281,49.973538
BGI,Bridgetown,Barbados,,13.096851,-59.614482
CGP,Chittagong,Bangladesh,Chittagong,22.347537,91.812332
DAC,Dhaka,Bangladesh,Dhaka,23.810332,90.412518
OUA,Ouagadougou,Burkina Faso,,12.371428,-1.519660
BJM,Bujumbura,Burundi,,-3.361378,29.359878
COO,Cotonou,Benin,,6.370293,2.391236
LPB,La Paz,"Bolivia, Plurinational State Of",La Paz,-16.489689,-68.119294
SRZ,Santa Cruz,"Bolivia, Plurinational State Of",La Paz,-17.814582,-63.156085
BON,Bonaire,"Bonaire, Sint Eustatius And Saba",,12.201890,-68.262382
BSB,Brasilia,Brazil,,-15.794157,-47.882529
CGB,Cuiaba,Brazil,,-15.601411,-56.097892
GYN,Goiania,Brazil,Pernambuco,-16.686882,-49.264789
JOI,Joinville,Brazil,Santa Catarina,-26.304408,-48.846383
MAO,Manaus,Brazil,Amazonas,-3.119028,-60.021731
POA,Porto Alegre,Brazil,,-30.034656,-51.217658
SSA,Salvador Brazil,Brazil,Bahia,-12.972218,-38.501414
VCP,Sao Paulo-Viracopos,Brazil,Sao Paulo,-23.008205,-47.137569
GBE,Gaberone,Botswana,,-24.628208,25.923147
MSQ,Minsk,Belarus,Minskaya voblasts' (be) - Minskaya oblast' (ru),53.904540,27.561524
YHZ,Halifax,Canada,Nova Scotia,44.648764,-63.575239
YMQ,Montreal- Metro,Canada,Quebec,,
YMX,Montreal-Mirabel,Canada,Quebec,45.670186,-74.032413
YOW,Ottawa,Canada,Ontario,45.421530,-75.697193
YQR,Regina,Canada,Saskatchewan,50.445211,-104.618894
YXE,Saskatoon,Canada,Saskatchewan,52.133214,-106.670046
YXU,London,Canada,Ontario,42.984923,-81.245277
YYB,North Bay,Canada,Ontario,46.309115,-79.460820
YYG,Charlottetown,Canada,Prince Edward Island,46.238240,-63.131070
BGF,Bangui,Central African Republic,,4.394674,18.558190
BZV,Brazzaville,Congo,,-4.263360,15.242885
LUG,Lugano,Switzerland,Ticino (it),46.003678,8.951052
ZRH,Zurich,Switzerland,Zürich (de),47.376887,8.541694
RAR,Rarotonga,Cook Islands,,-21.229237,-159.776349
PMC,Puerto Montt,Chile,Los Lagos,-41.468917,-72.941136
PUQ,Punta Arenas,Chile,Magallanes,-53.163833,-70.917068
YAO,Yaounde,Cameroon,,3.848033,11.502075
CAN,Guangzhou,China,Guangdong,23.129110,113.264385
CGQ,Changchun,China,Jilin,43.817071,125.323544
CSX,Changsha,China,Hunan,28.228209,112.938814
FOC,Fuzhou,China,Fujian,26.074478,119.296482
HET,Hohhot,China,Inner Mongolia,40.842356,111.749995
HFE,Hefei,China,Anhui,31.820591,117.227219
KWE,Guiyang,China,,26.647661,106.630153
LXA,Lhasa,China,Xizang,29.652491,91.172110
NKG,Nanjing,China,Jiangsu,32.060255,118.796877
SHA,Shanghai-Hongqiao,China,,31.191896,121.337007
SWA,Shantou,China,,23.354091,116.681972
TAO,Qingdao,China,Shandong,36.067108,120.382609
TNA,Jinan,China,Shandong,36.6512,117.120095
TSN,Tianjin,China,Tianjin,39.343357,117.361648
WUH,Wuhan,China,Hubei,30.592849,114.305539
WUX,Wuxi,China,Jiangsu,31.491169,120.311910
XMN,Xiamen,China,Fujian,24.479833,118.089425
BOG,Bogota,Colombia,Distrito Capital de Bogotá,4.710989,-74.072092
CLO,Cali,Colombia,Valle del Cauca,3.451647,-76.531985
CTG,Cartagena,Colombia,,10.391049,-75.479426
RAI,Praia,Cape Verde,,14.933050,-23.513327
LCA,Larnaca,Cyprus,Larnaka,34.900254,33.623172
NIC,Nicosia,Cyprus,Lefkosia,35.185566,33.382276
BRQ,Brno,Czech Republic,Jihomoravský kraj,49.195060,16.606837
PRG,Prague,Czech Republic,Oklahoma,50.075538,14.437801
BRE,Bremen,Germany,Bremen,53.079296,8.801694
DRS,Dresden,Germany,Sachsen,51.050409,13.737262
DUS,Dusseldorf,Germany,Nordrhein-Westfalen,51.227741,6.773456
FRA,Frankfurt,Germany,Hessen,50.110922,8.682127
HAM,Hamburg,Germany,Hamburg,53.551085,9.993682
LEJ,Leipzig,Germany,Sachsen,51.339696,12.373075
PAD,Paderborn,Germany,Nordrhein-Westfalen,51.718921,8.757509
STR,Stuttgart,Germany,Baden-Württemberg,48.775846,9.182932
TXL,Berlin-Tegel,Germany,Berlin,52.591008,13.270908
AAR,Aarhus,Denmark,Region Midtjylland,56.162939,10.203921
BLL,Billund,Denmark,Region Syddanmark,55.728449,9.112366
DOM,Dominica,Dominica,,15.414999,-61.370976
STI,Santiago,Dominican Republic,,19.479196,-70.693057
CZL,Constantine,Algeria,,36.360155,6.642433
GYE,Guayaquil,Ecuador,Guayas,-2.170998,-79.922359
UIO,Quito,Ecuador,,-0.180653,-78.467838
TLL,Tallinn,Estonia,Harjumaa,59.436961,24.753575
ALY,Alexandria,Egypt,,31.200092,29.918739
LXR,Luxor,Egypt,,25.687243,32.639636
ACE,Lanzarote,Spain,,29.046854,-13.589973
AGP,Malaga,Spain,Provincia de Malaga,36.721274,-4.421399
BIO,Bilbao,Spain,Provincia de Bizkaia,43.263013,-2.934985
BJZ,Badajoz,Spain,Provincia de Badajoz,38.879450,-6.970654
LCG,La Coruna,Spain,,43.362344,-8.411540
LPA,Gran Canaria,Spain,,27.920220,-15.547437
MAD,Madrid,Spain,Provincia de Madrid,40.416775,-3.703790
SVQ,Seville,Spain,,37.389092,-5.984459
TCI,Tenerife-Metro,Spain,,,
VLC,Valencia,Spain,Provincia de Valencia,39.469908,-0.376288
ADD,Addis Ababa,Ethiopia,,8.980603,38.757761
OUL,Oulu,Finland,,65.012089,25.465077
TMP,Tampere,Finland,,61.497752,23.760954
NAN,Nadi,Fiji,,-17.776536,177.435623
SUV,Suva,Fiji,,-18.124809,178.450079
PNI,"Pohnpei, Caroline Is.","Micronesia, Federated States Of",,,
FAE,Faroe Islands,Faroe Islands,,61.892635,-6.911806
LEH,Le Havre,France,Seine-Maritime,49.494370,0.107929
LYS,Lyon,France,Rhône,45.764043,4.835659
MLH,Mulhouse/Basel,France,,47.598180,7.525496
NTE,Nantes,France,Loire-Atlantique,47.218371,-1.553621
PAR,Paris-Metro,France,,48.862413,2.345667
RNS,Rennes,France,Ille-et-Vilaine,48.117266,-1.677793
BHX,Birmingham,United Kingdom,Birmingham,52.486243,-1.890401
DND,Dundee,United Kingdom,Dundee City,56.462018,-2.970721
EDI,Edinburgh,United Kingdom,"Edinburgh, City of",55.953252,-3.188267
EMA,East Midlands,United Kingdom,,52.829374,-1.332134
GLA,Glasgow,United Kingdom,Glasgow City,55.864237,-4.251806
INV,Inverness,United Kingdom,Highland,57.477773,-4.224721
LTN,London-Luton,United Kingdom,,51.876265,-0.371747
MAN,Manchester,United Kingdom,Manchester,53.480759,-2.242631
NCL,Newcastle,United Kingdom,Down,54.978252,-1.617780
PIK,Prestwick,United Kingdom,South Ayrshire,55.495587,-4.614214
SEN,London-Southend,United Kingdom,,51.569820,0.703737
GND,Grenada,Grenada,,12.1165,-61.6790
CAY,Cayenne,French Guiana,,4.922420,-52.313453
ACC,Accra,Ghana,,5.603717,-0.186964
BJL,Banjul,Gambia,,13.454876,-16.579032
SSG,Malabo,Equatorial Guinea,Bioko Norte,3.750412,8.737104
ATH,Athens,Greece,,37.983810,23.727539
KGS,Kos,Greece,,36.891506,27.287723
KVA,Kavala,Greece,,40.937607,24.412866
SMI,Samos Island,Greece,,37.754786,26.977770
HKG,Hong Kong,Hong Kong,Hong Kong,22.396428,114.109497
DBV,Dubrovnik,Croatia,Dubrovačko-neretvanska županija,42.650661,18.094424
SPU,Split,Croatia,Vukovarsko-srijemska županija,43.508132,16.440194
ZAG,Zagreb,Croatia,Zagrebačka županija,45.815011,15.981919
BPN,Balikpapan,Indonesia,Kalimantan Timur,-1.237927,116.852853
BTH,Batam,Indonesia,Kepulauan Riau,1.045626,104.030454
DPS,Denpasar-Bali,Indonesia,Bali,-8.670458,115.212629
MDC,Manado,Indonesia,Sulawesi Utara,1.474831,124.842079
PLM,Palembang,Indonesia,Sumatera Selatan,-2.976074,104.775431
SOC,Solo City,Indonesia,,-7.575489,110.824327
SRG,Semarang,Indonesia,Jawa Tengah,-7.005145,110.438125
ORK,Cork,Ireland,Cork,51.896892,-8.486316
SNN,Shannon,Ireland,Clare,52.712471,-8.873068
HFA,Haifa,Israel,Ḥeifā / H̱efa,32.794046,34.989571
AGR,Agra,India,Uttar Pradesh,27.176670,78.008075
AMD,Ahmedabad,India,Gujarat,23.022505,72.571362
BLR,Bangalore,India,Karnataka,12.971599,77.594563
GOI,Goa,India,,15.299327,74.123996
HYD,Hyderabad,India,Telangana,17.385044,78.486671
IDR,Indore,India,Madhya Pradesh,22.719569,75.857726
JAI,Jaipur,India,Rajasthan,26.912434,75.787271
BGW,Baghdad,Iraq,,33.312806,44.361488
BSR,Basra,Iraq,Al Başrah,30.508103,47.783489
THR,Tehran-Mehrabad Intl ,"Iran, Islamic Republic Of",,35.689988,51.311241
AEY,Akureyri,Iceland,,65.688492,-18.126169
CTA,Catania,Italy,Catania,37.507877,15.083030
FLR,Florence,Italy,,43.769560,11.255814
GOA,Genoa,Italy,,44.405650,8.946256
LIN,Milan-Linate,Italy,,45.452176,9.276308
NAP,Naples,Italy,,40.851775,14.268124
PSR,Pescara,Italy,Pescara,42.461790,14.216090
ROM,Rome- Metro,Italy,Roma,,
VCE,Venice-Marco Polo,Italy,,45.503455,12.344693
VRN,Verona,Italy,Verona,45.438384,10.991622
KIN,Kingston,Jamaica,,18.017874,-76.809904
MBJ,Montego Bay,Jamaica,,18.476223,-77.893890
AMM,Amman,Jordan,‘Ammān (Al ‘A̅şimah),31.945367,35.928372
FUK,Fukuoka,Japan,Fukuoka,33.590355,130.401716
HND,Tokyo-Haneda,Japan,,35.546582,139.745117
KIJ,Niigata,Japan,Niigata,37.916192,139.036413
KIX,Osaka-Kansai,Japan,Osaka,34.432002,135.230394
NGO,Nagoya,Japan,,35.181446,136.906398
NRT,Tokyo-Narita,Japan,Tokyo,35.686058,139.845549
OKA,Okinawa,Japan,Okinawa,26.212401,127.680932
SPK,Sapporo-Metro,Japan,,43.055451,141.353314
PNH,Phnom Penh,Cambodia,Phnom Penh ,11.544873,104.892167
FNJ,Pyongyang,"Korea, Democratic People'S Republic Of",,39.039219,125.762524
PUS,Pusan,"Korea, Republic Of",,35.179554,129.075642
SEL,Seoul- Metro,"Korea, Republic Of",,,
KWI,Kuwait International Airport,Kuwait,Al Kuwayt (Al ‘Āşimah),29.375859,47.977405
AKX,Aktyubinsk,Kazakhstan,,50.283934,57.166978
ALA,Almaty,Kazakhstan,Almaty,43.222015,76.851249
KSN,Kostanav,Kazakhstan,,53.219809,63.635423
URA,Uralsk,Kazakhstan,,51.227821,51.386543
VTE,Vientiane,Lao People'S Democratic Republic,,17.975706,102.633104
KYE,Tripoli,Lebanon,,34.434595,35.836163
MSU,Maseru,Lesotho,,-29.363219,27.514360
KUN,Kaunas,Lithuania,,54.898521,23.903597
VNO,Vilnius,Lithuania,,54.687156,25.279651
MRA,Misurata,Libya,,32.319683,15.102508
TIP,Tripoli-Intl,Libya,,,
RAK,Marrakech,Morocco,,31.629472,-7.981085
TNG,Tangier,Morocco,,35.759465,-5.833954
TNR,Antananarivo,Madagascar,,-18.879190,47.507906
NKC,Nouakchott,Mauritania,,18.073530,-15.958237
MNI,Montserrat,Montserrat,,16.742498,-62.187366
MLA,Malta,Malta,,35.937496,14.375416
BLZ,Blantyre,Malawi,,-15.766671,35.016787
LLW,Lilongwe,Malawi,,-13.962612,33.774120
CUN,Cancun,Mexico,,21.161908,-86.851528
MTY,Monterrey,Mexico,Chiapas,25.686614,-100.316113
SJD,San Jose Cabo,Mexico,,23.063656,-109.702438
BUA,Buka,Papua New Guinea,,,
DAU,Daru,Papua New Guinea,,,
HKN,Hoskins,Papua New Guinea,,,
KVG,Kavieng,Papua New Guinea,,,
UNG,Kiunga,Papua New Guinea,,,
LNV,Lihir Island,Papua New Guinea,,,
MIS,Misima Island,Papua New Guinea,,,
MXH,Moro,Papua New Guinea,,,
HGU,Mount Hagen,Papua New Guinea,,,
TIZ,Tari,Papua New Guinea,,,
TFI,Tufi,Papua New Guinea,,,
INI,Nis,Serbia,,,
TRC,Torreon,Mexico,Coahuila,25.542844,-103.406786
VER,Veracruz,Mexico,Veracruz,19.173773,-96.134224
BKI,Kota Kinabalu,Malaysia,,5.980408,116.073457
JHB,Johor Bahru,Malaysia,Johor,1.492659,103.741359
KCH,Kuching,Malaysia,,1.607681,110.378544
KUA,Kuantan,Malaysia,Pahang,3.763386,103.220183
MYY,"Miri, Sarawak",Malaysia,,4.399493,113.991383
PEN,Penang,Malaysia,Pulau Pinang,5.416346,100.332762
TGG,Kuala Terengganu,Malaysia,,5.329624,103.137014
MPM,Maputo,Mozambique,,-25.891968,32.605135
WVB,Walvis Bay,Namibia,,-22.938959,14.524746
ABV,Abuja,Nigeria,,9.076479,7.398574
KAN,Kano,Nigeria,,12.002179,8.591956
MGA,Managua,Nicaragua,,12.114993,-86.236174
EIN,Eindhoven,Netherlands,Noord-Brabant,51.441642,5.469723
MST,Maastricht,Netherlands,Limburg,50.851368,5.690973
RTM,Rotterdam,Netherlands,Zuid-Holland,51.924420,4.477733
BOO,Bodo,Norway,,67.280356,14.404916
KSU,Kristiansund,Norway,Møre og Romsdal,63.110335,7.728079
NVK,Narvik,Norway,Nordland,68.438498,17.427261
SVG,Stavanger,Norway,Rogaland,58.969976,5.733107
INU,Nauru,Nauru,,-0.522778,166.931503
IUE,Niue Island,Niue,,,
DUD,Dunedin,New Zealand,Otago,-45.878761,170.502798
PMR,Palmerston North,New Zealand,Manawatu-Wanganui,-40.352307,175.608215
WLG,Wellington,New Zealand,Wellington,-41.286460,174.776236
USM,Ko Samui,Thailand,,,
KBV,Krabi,Thailand,,,
VAV,Vavau,Tonga,,,
RMQ,Taichung,"Taiwan, ROC",,,
ABY,Albany,United States,Oregon,,
BPT,Beaumont/Port Arthur,United States,,,
BMI,Bloomington/Normal,United States,,,
CID,Cedar Rapids,United States,Nebraska,,
CMI,Champaign/Urbana,United States,,,
CSG,Columbus,United States,Ohio,,
DEC,Decatur,United States,Texas,,
DBQ,Dubuque,United States,Iowa,,
XNA,Fayetteville/Springd.,United States,,,
FSM,Fort Smith,United States,Montana,,
PTY,Panama City,Panama,,8.982379,-79.519870
PPT,Papeete,French Polynesia,,-17.551625,-149.558476
AUJ,Ambunti,Papua New Guinea,,-4.214166,142.815195
MAG,Madang,Papua New Guinea,,-5.221884,145.785632
WWK,Wewak,Papua New Guinea,,-3.580023,143.658317
CEB,Cebu,Philippines,Province of Cebu,10.607936,123.885775
DVO,Davao,Philippines,,7.190708,125.455341
SFS,Subic Bay,Philippines,,14.791058,120.239734
LHE,Lahore,Pakistan,Punjab,31.554606,74.357158
MUX,Multan,Pakistan,Punjab,30.198381,71.468703
SKT,Sialkot,Pakistan,Punjab,32.492477,74.531040
UET,Quetta,Pakistan,Balochistan,30.182971,66.998734
GDN,Gdansk,Poland,,54.352025,18.646638
POZ,Poznan,Poland,,52.406374,16.925168
WAW,Warsaw,Poland,Mazowieckie,52.229676,21.012229
BGZ,Braga,Portugal,Braga,41.545449,-8.426507
FAO,Faro,Portugal,Faro,37.019355,-7.930440
OPO,Porto,Portugal,Porto,41.157944,-8.629105
CND,Constanta,Romania,Constanţa,44.159801,28.634814
BEG,Belgrade,Serbia,,44.786568,20.448922
PRN,Pristina,Serbia,,42.662914,21.165503
ASF,Astrakhan,Russian Federation,,46.358805,48.059935
DME,Moscow-Domodedovo,Russian Federation,,55.410307,37.902451
KJA,Krasnojarsk,Russian Federation,,56.015283,92.893248
KZN,Kazan,Russian Federation,,55.830431,49.066081
PEE,Perm,Russian Federation,,58.029681,56.266792
NAJ,Nakhichevan,Azerbaijan,,39.325681,45.491265
THE,Teresina,Brazil,Piaui,-5.092011,-42.803760
CGR,Campo Grande,Brazil,Rio de Janeiro,-20.469711,-54.620121
MUB,Maun,Botswana,,-19.995262,23.418077
VRA,Varadero,Cuba,Matanzas,23.179858,-81.188529
RTB,Roatan,Honduras,,16.329761,-86.529967
GAU,Gauhati,India,,26.144517,91.736237
KMI,Miyazaki,Japan,,31.907674,131.420241
NEV,Nevis,Saint Kitts And Nevis,,17.155356,-62.579603
TSE,Akmola,Kazakhstan,,51.916532,69.411049
CZM,Cozumel,Mexico,Quintana Roo,20.422984,-86.922343
TRF,Sandefjord,Norway,Maine-et-Loire,59.131310,10.216595
YKS,Yakutsk,Russian Federation,,62.035452,129.675475
HTA,Chita,Russian Federation,,,
LAN,Lansing,United States,Michigan,42.732535,-84.555535
SRQ,Sarasota/Bradentown,United States,Florida,27.370871,-82.546896
SUN,Sun Valley,United States,Idaho,43.697129,-114.351717
STT,St. Thomas,"Virgin Islands, U.S.",,18.338097,-64.894095
KIM,Kimberley,South Africa,,-28.728238,24.749911
JUB,Juba,South Sudan,Central Equatoria,4.859363,31.571250
GYD,Baku-Heydar Aliyev,Azerbaijan,,40.395898,49.867815
CFB,Cabo Frio,Brazil,Rio de Janeiro,-22.886751,-42.026254
BBK,Kasane,Botswana,,-17.795231,25.171130
XUZ,Xuzhou,China,,34.205768,117.284124
DGM,Dongguan,China,,23.020673,113.751799
ZMY,Haungpu,China,,23.106401,113.459749
SNE,Sao Nicolau,Cape Verde,,16.604861,-24.310372
CAP,Cap Haitien,Haiti,,19.737036,-72.206768
PDG,Padang,Indonesia,Sumatera Barat,-0.947083,100.417181
TTE,Ternate,Indonesia,Maluku Utara,0.7958,127.361353
LOP,Lombok,Indonesia,,-8.650979,116.324944
AMQ,Ambon,Indonesia,Maluku,-3.655393,128.190772
TBZ,"Tabriz, Iran","Iran, Islamic Republic Of",,38.096239,46.273801
LCC,Lecce,Italy,Lecce,40.351516,18.175016
FOG,Foggia,Italy,Foggia,41.462198,15.544630
BLX,Belluno,Italy,Belluno,46.142464,12.216709
CJU,Cheju,"Korea, Republic Of",,33.489011,126.498302
KGF,Karaganda,Kazakhstan,Qaraghandy oblysy,49.804684,73.109383
PWQ,Pavlodar,Kazakhstan,Pavlodar oblysy,52.287303,76.967402
PLX,Semipalatinsk,Kazakhstan,,50.423346,80.250811
KOV,Kokshetau,Kazakhstan,,53.294823,69.404787
DIE,Antsiranana,Madagascar,,-12.323135,49.294283
FTU,Ft. Dauphin,Madagascar,,-25.022531,46.985369
TLE,Tulear,Madagascar,,-23.351619,43.685494
APL,Nampula,Mozambique,,-15.126635,39.268716
TET,Tete,Mozambique,,-16.132810,33.606386
PLS,Ponce,Puerto Rico,,18.011077,-66.614062
PIX,Pico Island,Portugal,,,
NJC,Nizhevartovsk,Russian Federation,,60.943119,76.543372
TOF,Tomsk,Russian Federation,,56.501040,84.992451
SGC,Surgut,Russian Federation,,61.255950,73.384547
ROV,Rostov,Russian Federation,,,
REN,Orenburg,Russian Federation,,51.766648,55.100454
NOJ,Nojabrxsk,Russian Federation,Tyumenskaya oblast',63.184196,75.447761
NBC,Naberevnyw Chelny,Russian Federation,,55.718505,52.372104
MQF,Magnitogorsk,Russian Federation,,53.412943,59.001623
BQS,Blagoveschensk,Russian Federation,,50.272776,127.540402
GDZ,Gelendzik,Russian Federation,,44.591862,38.024166
KGD,Kaliningrad,Russian Federation,,54.710426,20.452214
KGP,Kogalym,Russian Federation,,62.266550,74.544685
FEG,Fergana,Uzbekistan,,40.373380,71.797833
AZN,Andizhan,Uzbekistan,,40.815356,72.283750
BHK,Bukhara,Uzbekistan,,39.768083,64.455577
WEH,Weihai,China,Shandong,37.513068,122.120419
BEN,Benghazi,Libya,,32.094771,20.187911
CMN,Casablanca-Mohammed V,Morocco,,33.593710,-7.607603
JAX,Jacksonville,United States,Florida,30.332184,-81.655651
BZE,Belize City,Belize,,17.504566,-88.196213
RIX,Riga,Latvia,Rīga,56.949649,24.105186
JKG,Jonkoping,Sweden,Jönköping,57.782614,14.161788
JRO,Kilimanjaro,"Tanzania, United Republic Of",,-3.067425,37.355627
HSV,Huntsville,United States,Alabama,34.730369,-86.586104
ICT,Wichita,United States,Kansas,37.687176,-97.330053
ITO,Hilo,United States,Hawaii,19.707094,-155.088487
LST,Launceston,Australia,Tasmania,-41.433222,147.144088
NAS,Nassau,Bahamas,,25.047984,-77.355413
CAI,Cairo,Egypt,Al Qāhirah,30.044420,31.235712
KLV,Karlovy Vary,Czech Republic,,50.231852,12.871962
PLW,Palu,Indonesia,Sulawesi Tengah,-0.900292,119.877999
IFN,"Isfahan, Iran","Iran, Islamic Republic Of",,32.654628,51.667983
TAR,Taranto,Italy,Taranto,40.464361,17.247030
MWZ,Mwanza,"Tanzania, United Republic Of",,-2.516431,32.917452
NAG,Nagpur,India,Maharashtra,21.1458,79.088155
IKA,Tehran-Imam Khomeini,"Iran, Islamic Republic Of",,35.408994,51.155490
MXP,Milan-Malpensa,Italy,Milano,45.630063,8.725531
TRS,Trieste,Italy,Trieste,45.649526,13.776818
AQJ,Aqaba,Jordan,,29.532052,35.006321
HIJ,Hiroshima,Japan,Hiroshima,34.385203,132.455293
TYO,Tokyo-Metro,Japan,,35.663529,139.873783
FRU,Bishkek,Kyrgyzstan,,42.874621,74.569762
ICN,Seoul-Incheon,"Korea, Republic Of",Seoul,37.460191,126.440696
SCO,Aktau,Kazakhstan,Mangghystaū oblysy,43.641097,51.198511
MJI,Tripoli-Mitiga,Libya,,32.893585,13.275945
TGD,Podgorica,Montenegro,,42.430420,19.259364
FDF,Fort-de-France,Martinique,,14.616065,-61.058780
GDL,Guadalajara,Mexico,Jalisco,20.659699,-103.349609
QRO,Queretaro,Mexico,,20.588818,-100.389888
SBW,"Sibu, Sarawak",Malaysia,,2.287284,111.830535
BEW,Beira,Mozambique,,-19.796382,34.884487
TRD,Trondheim,Norway,Sør-Trøndelag,63.430515,10.395053
NSN,Nelson,New Zealand,Nelson,-41.270632,173.283965
RAB,Rabaul,Papua New Guinea,,-4.199965,152.164461
KHI,Karachi,Pakistan,Sindh,24.861462,67.009939
KTW,Katowice,Poland,Slaskie,50.264892,19.023782
LIS,Lisbon,Portugal,Lisboa,38.722252,-9.139337
TER,Terceira Island,Portugal,,38.721642,-27.220577
AER,Sochi,Russian Federation,Krasnodarskiy kray,43.602808,39.734154
GOJ,Nizhniy Novgorod,Russian Federation,,56.296504,43.936059
DHA,Dhahran,Saudi Arabia,,26.236125,50.039302
JED,Jeddah,Saudi Arabia,Makkah,21.285407,39.237551
HIR,"Honiara, Guadalcanal",Solomon Islands,,-9.445638,159.9729
BMA,Stockholm-Bromma,Sweden,,59.354812,17.942722
SFT,Skelleftea,Sweden,,64.750244,20.950917
BTS,Bratislava,Slovakia,Bratislavský kraj,48.148597,17.107748
GDT,Grand Turk,Turks And Caicos Islands,,21.467458,-71.138910
ADB,Izmir-Adnan Menderes,Turkey,,38.293763,27.152029
HOG,Holguin,Cuba,,20.879513,-76.259498
OVD,Asturias,Spain,,43.361395,-5.859327
DJJ,Jayapura,Indonesia,Papua,-2.591603,140.6690
REK,Reykjavik-Metro,Iceland,,,
SEB,Sebha,Libya,,27.008713,14.449040
VKO,Moscow-Vnukovo,Russian Federation,,55.599648,37.271234
OAI,Bagram,Afghanistan,Parwān,34.944476,69.273567
KVD,Gyandzha,Azerbaijan,,40.739488,46.299759
SJW,Shijiazhuang,China,,38.042805,114.514893
BVC,Boa Vista,Cape Verde,,16.095011,-22.807834
PNK,Pontianak,Indonesia,Kalimantan Barat,-0.026330,109.342504
BZO,Bolzano,Italy,Bolzano / Bozen (de),46.498295,11.354758
TMM,Tamatave,Madagascar,,-18.144281,49.395784
AGT,Ciudad del Este,Paraguay,,-25.508529,-54.675323
PKC,Petropavlovsk-Kamcha,Russian Federation,,53.040911,158.677726
AAQ,Anapa,Russian Federation,,44.885701,37.319919
JOR,Disneyland/Orange,United States,California,,
LSP,Las Piedras,"Venezuela, Bolivarian Republic Of",,10.045563,-72.422856
IZM,Izmir-Metro,Turkey,,38.480555,27.067280
KHH,Kaohsiung,"Taiwan, ROC",Kaohsiung City,22.635059,120.335519
DNK,Dnipropetrovsk,Ukraine,,48.464717,35.046183
ABQ,Albuquerque,United States,New Mexico,35.085334,-106.605553
BGR,Bangor,United States,Maine,44.801182,-68.777814
BRO,Brownsville,United States,Texas,25.901747,-97.497484
CLE,Cleveland,United States,Ohio,41.499320,-81.694361
COS,Colorado Springs,United States,Colorado,38.833882,-104.821363
DET,Detroit-City,United States,Michigan,42.331427,-83.045754
FLL,Fort Lauderdale,United States,Florida,26.122439,-80.137317
FWA,Fort Wayne,United States,Indiana,41.079273,-85.139351
MSP,Minneapolis-St. Paul,United States,Minnesota,44.977753,-93.265011
OKC,Oklahoma City,United States,Oklahoma,35.467560,-97.516428
ORF,Norfolk,United States,Virginia,36.850769,-76.285873
PFN,Panama City,United States,Florida,30.158813,-85.660206
ROA,Roanoke,United States,Virginia,37.270970,-79.941427
SBA,Santa Barbara,United States,California,34.420831,-119.698190
MAR,Maracaibo,"Venezuela, Bolivarian Republic Of",,10.654451,-71.714795
STX,St. Croix,"Virgin Islands, U.S.",,17.724597,-64.834799
ADE,Aden,Yemen,,12.785497,45.018655
DUR,Durban,South Africa,Kwazulu-Natal,-29.858680,31.021840
BUQ,Bulawayo,Zimbabwe,,-20.132507,28.626479
DXB,Dubai,United Arab Emirates,Dubai,25.204849,55.270783
LAD,Luanda,Angola,,-8.839988,13.289437
EZE,Buenos Aires-Ministro Pistarini,Argentina,,-34.815004,-58.534828
SZG,Salzburg,Austria,Salzburg,47.809490,13.055010
HBA,Hobart,Australia,Tasmania,-42.882138,147.327195
OOL,Gold Coast,Australia,Queensland,-28.016667,153.40
BRU,Brussels,Belgium,"Bruxelles-Capitale, Région de (fr), Brussels Hoofdstedelijk Gewest (nl)",50.850346,4.351721
SOF,Sofia,Bulgaria,Sofija-Grad,42.697708,23.321868
BWN,Bandar Seri Begawan,Brunei Darussalam,Brunei-Muara,4.903052,114.939821
VVI,Santa Cruz-Viru Viru,"Bolivia, Plurinational State Of",,-17.643120,-63.140757
BHZ,Belo Horizonte-Metro,Brazil,,-19.928058,-43.988232
JPA,Joao Pessoa,Brazil,Paraiba,-7.119496,-34.845012
REC,Recife,Brazil,Pernambuco,-8.047562,-34.876964
SAO,Sao Paulo-Metro,Brazil,,-23.513646,-46.624450
GME,Gomel,Belarus,,52.441176,30.987846
YEG,Edmonton-Intl,Canada,Alberta,53.307505,-113.584352
YMM,Fort McMurray,Canada,Alberta,56.726380,-111.380341
DLA,Douala,Cameroon,,4.051056,9.767869
CTU,Chengdu,China,Sichuan,30.572815,104.066801
HRB,Harbin,China,Heilongjiang,45.803775,126.534967
PEK,Beijing-Capital ,China,Beijing,39.9042,116.407396
SZX,Shenzhen,China,Guangdong,22.543096,114.057865
XIY,Xianyang,China,Shaanxi,34.329605,108.708991
VXE,Sao Vicente,Cape Verde,,16.828007,-24.975418
OSR,Ostrava,Czech Republic,,49.820923,18.262524
BER,Berlin-Metro,Germany,,52.520007,13.404954
NUE,Nuremberg,Germany,Bayern,49.452102,11.076665
SXF,Berlin Schoenefeld,Germany,,52.385441,13.521615
EBJ,Esbjerg,Denmark,,55.476466,8.459405
AAE,Annaba,Algeria,,36.926458,7.752535
HME,Hassi Messaoud,Algeria,,30.416772,5.393955
HBE,Alexandria-Borg El Arab,Egypt,,30.933636,29.695604
ZAZ,Zaragoza,Spain,Provincia de Zaragoza,41.648823,-0.889085
TKU,Turku,Finland,,60.451813,22.266630
BOR,Belfort,France,Territoire de Belfort,47.639674,6.863849
MRS,Marseille,France,Bouches-du-Rhône,43.296482,5.369780
CWL,Cardiff,United Kingdom,Cardiff [Caerdydd GB-CRD],51.481581,-3.179090
LON,London-Metro,United Kingdom,,51.485629,0.100151
NWI,Norwich,United Kingdom,Norfolk,52.630886,1.297355
GIB,Gibraltar,Gibraltar,,36.140751,-5.353585
PTP,Pointe-a-Pitre,Guadeloupe,,16.237687,-61.534042
OXB,Bissau,Guinea-Bissau,Bissau,11.881655,-15.617794
JKT,Jakarta-Metro,Indonesia,,,
CCJ,Kozhikode,India,,11.258753,75.780410
SJT,San Angelo,United States,Texas,,
SAF,Santa Fe,United States,New Mexico,,
SPI,Springfield,United States,Tennessee,,
TXK,Texarkana,United States,Arkansas,,
HRL,Harlingen,United States,Texas,,
MLU,Monroe,United States,North Carolina,,
MRY,Monterey/Carmel,United States,,,
RAP,Rapid City,United States,South Dakota,,
DCA,Ronald Reagan National,United States,,,
ROW,Roswell,United States,New Mexico,,
MZR,Mazar-I-Sharif,Afghanistan,,36.692617,67.117951
MCZ,Maceio,Brazil,,-9.649849,-35.708949
ARI,Arica,Chile,Arica y Parinacota,-18.478253,-70.312599
SYX,Sanya,China,,18.252847,109.511909
LIR,Liberia,Costa Rica,Guanacaste,10.634596,-85.440675
TIM,Tembagapura,Indonesia,,-4.143090,137.090491
SXR,Srinagar,India,,34.083671,74.797283
UVF,Saint Lucia-Vieux Fort,Saint Lucia,,13.720608,-60.949643
KTN,Ketchikan,United States,Alaska,55.342222,-131.646111
OSS,Osh,Kyrgyzstan,,40.513999,72.816098
KZO,Kzyl-Orda,Kazakhstan,,44.848831,65.482269
SVB,Sambava,Madagascar,,-14.271334,50.167812
VNX,Vilanculos,Mozambique,,-21.999731,35.319189
ABA,Abakan,Russian Federation,,53.717564,91.429317
KNU,Kanpur,India,,26.449923,80.331874
TRV,Trivandrum,India,,8.524139,76.936638
EBL,Erbil,Iraq,,36.206293,44.008870
SYZ,Shiraz,"Iran, Islamic Republic Of",,29.591768,52.583698
GRS,Grosseto,Italy,Grosseto,42.763525,11.112363
SWK,Milan-Segrate,Italy,,45.4920,9.298131
PSA,Pisa,Italy,Pisa,43.722839,10.401689
OKJ,Okayama,Japan,Okayama,34.655146,133.919502
GUW,Atyrau,Kazakhstan,,47.094496,51.923837
LUX,Luxembourg,Luxembourg,,49.611621,6.131935
RBA,Rabat,Morocco,,33.971590,-6.849813
BKO,Bamako,Mali,,12.639232,-8.002889
SPN,Saipan,Northern Mariana Islands,,15.151515,145.729789
MLE,Male,Maldives,Male,4.175496,73.509347
HMO,Hermosillo,Mexico,Sonora,29.072967,-110.955919
MID,Merida,Mexico,,20.967370,-89.592586
POL,Pemba,Mozambique,,-12.973203,40.517801
NOU,Noumea,New Caledonia,,-22.255823,166.450524
LOS,Lagos,Nigeria,,6.524379,3.379206
AMS,Amsterdam,Netherlands,Noord-Holland,52.370216,4.895168
AES,Alesund,Norway,,62.472228,6.149482
KTM,Kathmandu,Nepal,,27.717245,85.323961
CEK,Chelyabinsk,Russian Federation,,55.164442,61.436843
KOE,Kupang,Timor-Leste,,-9.990617,123.885775
KSQ,Karshi,Uzbekistan,Qashqadaryo,38.861192,65.784727
CHC,Christchurch,New Zealand,Canterbury,-43.532054,172.636225
TRG,Tauranga,New Zealand,Bay of Plenty,-37.687798,176.165130
SLL,Salalah,Oman,,17.050668,54.106586
LIM,Lima,Peru,Lima,-12.046373,-77.042754
POM,Port Moresby,Papua New Guinea,,-9.478012,147.150654
KRK,Krakow,Poland,,50.064650,19.944980
WRO,Wroclaw,Poland,,51.107885,17.038538
HOR,Horta,Portugal,Região Autónoma dos Açores,38.534845,-28.629981
SMA,Santa Maria Island,Portugal,,36.9788,-25.105905
OTP,Bucharest-Otopeni,Romania,,44.570731,26.084412
IJK,Izhevsk,Russian Federation,,56.861860,53.232429
STW,Stavropol,Russian Federation,,45.045476,41.968343
VVO,Vladivostok,Russian Federation,Primorskiy kray,43.119809,131.886924
TIF,Taif,Saudi Arabia,,21.437273,40.512714
KRT,Khartoum,Sudan,Khartoum,15.500654,32.559899
AGH,Helsingborg,Sweden,Skåne,56.046467,12.694512
UME,Umea,Sweden,,63.825847,20.263035
SIN,Singapore,Singapore,Singapore,1.352083,103.819836
BKK,Bangkok-Suvarnabhumi/New Bangkok,Thailand,Krung Thep Maha Nakhon [Bangkok],13.689999,100.750112
DIL,Dili,Timor-Leste,Dili,-8.556856,125.560314
AYT,Antalya,Turkey,Antalya,36.896891,30.713323
BQN,Aguadilla,Puerto Rico,,18.427445,-67.154070
AXB,Alexandria Bay,United States,New York,44.335884,-75.917731
BFL,Bakersfield,United States,California,35.373292,-119.018713
BRL,Burlington,United States,Iowa,44.475883,-73.212072
CHA,Chattanooga,United States,Tennessee,35.045630,-85.309680
DAY,Dayton,United States,Ohio,39.758948,-84.191607
ERI,Erie,United States,Pennsylvania,42.129224,-80.085059
FAT,Fresno,United States,California,36.746842,-119.772587
HAR,Harrisburg-State,United States,Pennsylvania,40.273191,-76.886701
IND,Indianapolis,United States,Indiana,39.768403,-86.158068
MKC,Kansas City-Metro,United States,Missouri,,
LEX,Lexington,United States,Virginia,38.040584,-84.503716
LAX,Los Angeles,United States,California,34.052234,-118.243685
MKE,Milwaukee,United States,Wisconsin,43.038903,-87.906474
PDX,Portland,United States,Oregon,45.523062,-122.676482
RNO,Reno,United States,Nevada,39.529633,-119.813803
RFD,Rockford,United States,Illinois,42.271131,-89.093995
SAT,San Antonio,United States,Texas,29.424122,-98.493628
SGF,Springfield,United States,Missouri,42.101483,-72.589811
ILM,Wilmington,United States,North Carolina,39.739072,-75.539788
ANU,Antigua,Antigua And Barbuda,,17.074656,-61.817521
CAB,Cabinda,Angola,,-5.577520,12.192710
MDZ,Mendoza,Argentina,Mendoza,-32.889459,-68.845839
HOH,Hohenems,Austria,Vorarlberg,47.360831,9.686719
VLN,Valencia,"Venezuela, Bolivarian Republic Of",,10.157931,-67.997210
SAH,Sana'a,Yemen,,15.369445,44.191007
BBZ,Zambezi,Zambia,,-13.543279,23.114375
CBR,Canberra,Australia,Australian Capital Territory,-35.280937,149.130009
LGG,Liege,Belgium,,50.632557,5.579666
VAR,Varna,Bulgaria,,43.214050,27.914733
BDA,Bermuda,Bermuda,,32.3078,-64.7505
FOR,Fortaleza,Brazil,Ceara,-3.731903,-38.526739
PBH,Paro,Bhutan,,27.428684,89.416365
YEA,Edmonton-Metro,Canada,Alberta,,
YFC,Fredericton,Canada,New Brunswick,45.963590,-66.643115
YHM,Hamilton,Canada,Ontario,43.255721,-79.871102
YQB,Quebec,Canada,Quebec,46.813878,-71.207981
YUY,Rouyn-Noranda,Canada,Quebec,48.234236,-79.018784
YSB,Sudbury,Canada,Ontario,46.522099,-80.953035
YTO,Toronto-Metro,Canada,Ontario,,
YWG,Winnipeg,Canada,Manitoba,49.895136,-97.138374
FIH,Kinshasa,"Congo, The Democratic Republic Of The",,-4.441931,15.266293
IQQ,Iquique,Chile,Tarapaca,-20.230703,-70.135669
SCL,Santiago,Chile,Santiago Metropolitan,-33.448890,-70.669266
CKG,Chongqing,China,Chongqing,29.431586,106.912251
HGH,Hangzhou,China,Zhejiang,30.274084,120.155070
KMG,Kunming,China,,24.880095,102.832891
PVG,Shanghai-Pudong,China,Shanghai,31.221517,121.544379
SZV,Suzhou,China,Jiangsu,31.298974,120.585289
WNZ,Wenzhou,China,Zhejiang,27.993828,120.699361
INC,Yinchuan,China,,38.487193,106.230908
BAQ,Barranquilla,Colombia,Atlántico,11.004107,-74.806981
HAV,Havana,Cuba,,23.113593,-82.366596
AGB,Augsburg,Germany,Bayern,48.370545,10.897790
DTM,Dortmund,Germany,Nordrhein-Westfalen,51.513587,7.465298
MHG,Mannheim,Germany,Baden-Württemberg,49.487459,8.466040
SCN,Saarbrucken,Germany,,49.240157,6.996933
ORN,Oran,Algeria,,35.697654,-0.633738
ASM,Asmara,Eritrea,Maakel,15.322877,38.925052
GRO,Gerona,Spain,,41.979401,2.821426
SCQ,Santiago de Compostela,Spain,,42.878213,-8.544845
YAP,Yap,"Micronesia, Federated States Of",,9.555650,138.139923
BOD,Bordeaux,France,Gironde,44.837789,-0.579180
LIL,Lille,France,Nord,50.629250,3.057256
MPL,Montpellier,France,Hérault,43.610769,3.876716
NCE,Nice,France,Alpes-Maritimes,43.710173,7.261953
ABZ,Aberdeen,United Kingdom,Aberdeen City,57.149717,-2.094278
BOH,Bournemouth,United Kingdom,Dorset,50.719164,-1.880769
EXT,Exeter,United Kingdom,,50.718412,-3.533899
LBA,Leeds-Bradford,United Kingdom,,53.795984,-1.759398
LDY,Londonderry,United Kingdom,Derry,54.996612,-7.308575
TBS,Tbilisi,Georgia,T'bilisi,41.715138,44.827096
BSG,Bata,Equatorial Guinea,,1.853318,9.779023
RHO,Rhodes,Greece,,36.434053,28.217638
BDO,Bandung,Indonesia,Jawa Barat,-6.917464,107.619123
CGK,Jakarta-Soekarno-Hatta,Indonesia,DKI Jakarta,-6.127512,106.653686
SUB,Surabaya,Indonesia,Jawa Timur,-7.257472,112.752088
DUB,Dublin,Ireland,Dublin,53.349805,-6.260310
BEV,Beer Sheba,Israel,,31.252973,34.791462
ATQ,Amritsar,India,Punjab,31.633979,74.872264
CCU,Calcutta,India,West Bengal,22.572646,88.363895
BOM,Mumbai,India,Maharashtra,19.075984,72.877656
MSZ,Namibe,Angola,,-15.197832,12.157554
VHC,Saurimo,Angola,,-9.661217,20.390460
BHI,Bahia Blanca,Argentina,,-38.718318,-62.266348
JUJ,Jujuy,Argentina,Jujuy,-24.184340,-65.302177
MDQ,Mar Del Plata,Argentina,,-38.005477,-57.542611
RES,Resistencia,Argentina,Chaco,-27.451862,-58.985555
RGL,Rio Gallegos,Argentina,,-51.623049,-69.216829
RGA,Rio Grande,Argentina,,-53.786037,-67.700224
SLA,Salta,Argentina,Salta,-24.782127,-65.423198
TUC,Tucuman,Argentina,,-26.808285,-65.217590
BAK,Baku,Azerbaijan,,40.409262,49.867092
FPO,Freeport,Bahamas,,26.541609,-78.645548
CZH,Corozal,Belize,,18.403080,-88.396754
DGA,Dangriga,Belize,,16.969561,-88.231513
PND,Punta Gorda,Belize,,16.098935,-88.809491
CIJ,Cobija,"Bolivia, Plurinational State Of",Pando,-11.034392,-68.781077
SRE,Sucre,"Bolivia, Plurinational State Of",Chuquisaca,-19.019585,-65.261962
BEL,Belem,Brazil,Para,-1.455779,-48.490197
IGU,Iguassu Falls,Brazil,,,
SLZ,Sao Luiz,Brazil,,-2.539110,-44.282905
BOJ,Burgas,Bulgaria,,42.504793,27.462636
MVR,Maroua,Cameroon,,10.592529,14.321010
NGE,N'Gaoundere,Cameroon,,7.338149,13.566830
YBC,Baie Comeau,Canada,Quebec,49.221297,-68.150394
AOI,Ancona,Italy,Ancona,43.615830,13.518915
KMQ,Komatsu,Japan,,36.408351,136.445571
GMP,Seoul-Gimpo,"Korea, Republic Of",,37.558655,126.794474
AGA,Agadir,Morocco,,30.427755,-9.598107
WDH,Windhoek,Namibia,,-22.560881,17.065755
MNL,Manila,Philippines,Metro Manila,14.599512,120.984220
GRW,Graciosa Island,Portugal,,,
TJM,Tyumen,Russian Federation,Tyumenskaya oblast',57.161298,65.525017
FNA,Freetown,Sierra Leone,,8.465677,-13.231723
IEV,Kiev- Zhuliany,Ukraine,,50.411984,30.443254
BTL,Battle Creek,United States,Michigan,42.321152,-85.179714
GSP,Greenville,United States,South Carolina,34.852618,-82.394010
MSY,New Orleans,United States,Louisiana,29.951066,-90.071532
VLI,Port Vila,Vanuatu,,-17.733251,168.327325
AUH,Abu Dhabi,United Arab Emirates,Abu Dhabi,24.453884,54.377344
FLN,Florianopolis,Brazil,,-27.594870,-48.548220
YQY,Sydney,Canada,Nova Scotia,46.136790,-60.194224
YYZ,Toronto-Pearson,Canada,Ontario,43.677718,-79.624820
NGB,Ningbo,China,Zhejiang,29.868336,121.543990
YNT,Yantai,China,Shandong,37.464539,121.447852
CPH,Copenhagen,Denmark,Region Hovedstaden,55.676097,12.568337
TLS,Toulouse,France,Haute-Garonne,43.604652,1.444209
BBI,Bhubaneshwar,India,,20.296059,85.824540
USH,Ushuaia,Argentina,Tierra del Fuego,-54.801912,-68.302951
GOU,Garoua,Cameroon,North,9.322602,13.393389
SLU,Saint Lucia-Castries,Saint Lucia,,14.010109,-60.987469
NIM,Niamey,Niger,,13.511596,2.125385
AZO,Kalamazoo MI,United States,Michigan,42.291707,-85.587229
CXL,Calexico,United States,California,32.678948,-115.498883
TLV,Tel Aviv-Yafo,Israel,Tell Abīb / Tel-Aviv,32.0853,34.781768
MMX,Malmo-Sturup,Sweden,Skåne,55.535534,13.372383
KSH,Kermanshah,"Iran, Islamic Republic Of",Yazd,34.327692,47.077769
BFM,Mobile Downtown Airport,United States,,,
TYR,Tyler,United States,Minnesota,,
HPN,White Plains,United States,North Carolina,,
WLS,Wallis Island,Wallis And Futuna,,,
NCY,Annecy,France,Haute-Savoie,,
ISG,Ishigaki,Japan,Okinawa,,
ZSE,St Pierre,Réunion,,,
OAZ,Camp Bastion,Afghanistan,Helmand,,
BUG,Benguela,Angola,,-12.590516,13.416501
CBT,Catumbela,Angola,,-12.421128,13.549476
SVP,Kuito,Angola,,-12.394041,16.941763
LUO,Luena,Angola,,-11.771426,19.890143
MEG,Malange,Angola,,-9.541822,16.334606
SPP,Menongue,Angola,,-14.659408,17.698488
XRY,Jerez de la Frontera,Spain,,36.685006,-6.126074
LGA,New York-La Guardia,United States,New York,40.776927,-73.873966
YNZ,Yancheng,China,,33.347316,120.163660
OMS,Omsk,Russian Federation,,54.988480,73.324236
DOK,Donetsk,Ukraine,Donets'ka Oblast',48.015883,37.802850
URT,Surat Thani,Thailand,,9.133885,99.326698
SHJ,Sharjah,United Arab Emirates,,25.346255,55.420932
MUC,Munich,Germany,Bayern,48.135125,11.581981
YYT,St Johns,Canada,,47.561510,-52.712577
RGN,Yangon,Myanmar,,16.866069,96.195132
EYW,Key West Airport,United States,,,
YUL,Montreal-Pierre Trudeau,Canada,Quebec,45.469738,-73.744920
LCH,Lake Charles,United States,Louisiana,,
ITM,Osaka-Itami,Japan,,34.789580,135.438090
GGG,Longview,United States,Illinois,,
MHK,Manhattan,United States,Kansas,,
MQT,Marquette,United States,Michigan,,
BCN,Barcelona,Spain,Provincia de Barcelona,41.385064,2.173404
BWI,Baltimore,United States,Maryland,39.290385,-76.612189
BOI,Boise,United States,Idaho,43.618710,-116.214607
TAS,Tashkent,Uzbekistan,,41.299496,69.240073
YYC,Calgary,Canada,Alberta,51.048615,-114.070846
YSJ,Saint John,Canada,New Brunswick,45.273315,-66.063308
BSL,Basel/Mulhouse,Switzerland,Basel-Stadt (de),47.598180,7.525496
LIG,Limoges,France,Haute-Vienne,45.833619,1.261105
SXB,Strasbourg,France,Bas-Rhin,48.573405,7.752111
LCY,London-City,United Kingdom,,51.507351,-0.127758
OSA,Osaka-Metro,Japan,,,
TMS,Sao Tome,Sao Tome And Principe,,0.330192,6.733343
BNE,Brisbane,Australia,Queensland,-27.469771,153.025124
MPN,Mount Pleasant,Falkland Islands (Malvinas),,-51.821429,-58.455849
POG,Port Gentil,Gabon,,-0.735103,8.759131
SKG,Thessaloniki,Greece,,40.640063,22.944419
SUX,Sioux City,United States,Iowa,,
UKK,Ust-Kamenogorsk,Kazakhstan,,49.974930,82.601724
SVX,Ekaterinburg,Russian Federation,Sverdlovskaya oblast',56.838926,60.605703
VOG,Volgograd,Russian Federation,,48.708048,44.513303
BAX,Barnaul,Russian Federation,,53.354779,83.769783
KRW,Krasnovodsk,Turkmenistan,Balkan,40.033659,52.975930
SKB,St Kitts,Saint Kitts And Nevis,,17.343380,-62.755904
CGO,Zhengzhou,China,Henan,34.746611,113.625328
COK,Cochin,India,Kerala,9.931233,76.267304
TBG,Tabubil,Papua New Guinea,,,
CLL,College Station,United States,Texas,,
FNT,Flint,United States,Michigan,,
WTB,Brisbane West Wellcamp,Australia,,-27.559112,151.798853
WTN,Waddington,United Kingdom,Lincolnshire,,
TOV,Tortola-Westend SPB,"Virgin Islands, British",,,
KEJ,Kemerovo,Russian Federation,Kemerovskaya oblast',55.345023,86.062304
KUL,Kuala Lumpur,Malaysia,Putrajaya,3.139003,101.686855
LCK,Columbus-Rickenbacker,United States,Ohio,39.812038,-82.931651
OST,Oostende-Brugge,Belgium,,51.204194,2.869813
BDJ,Banjarmasin,Indonesia,Kalimantan Selatan,-3.318607,114.594378
REP,Siem Reap,Cambodia,,13.367097,103.844813
NOI,Novorossijsk,Russian Federation,,44.715401,37.761967
RUN,St. Denis De La Reunion,Réunion,,-20.890660,55.455054
LSE,La Crosse,United States,Wisconsin,,
LAW,Lawton/Fort Sill,United States,,,
BRC,San Carlos Debariloc,Argentina,,-41.133472,-71.310278
AOJ,Aomori,Japan,Aomori,40.822072,140.747365
TRI,Tri-Cities,United States,Tennessee,46.2350,-119.223301
NQT,Nottingham,United Kingdom,Nottinghamshire,52.954783,-1.158109
KOJ,Kagoshima,Japan,Kagoshima,31.596554,130.557116
RCB,Richards Bay,South Africa,,-28.780728,32.038286
WEF,Weifang,China,,36.706962,119.161748
BIK,Biak,Indonesia,,-1.038102,135.980085
NOS,Nossi-Be,Madagascar,,-13.315019,48.259261
NUX,Novyj Urengoj,Russian Federation,,66.095686,76.656352
KXK,Komsomolxk Na Amure,Russian Federation,,50.567033,136.965895
ISU,Sulaymaniyah,Iraq,,35.557045,45.435943
MIL,Milan-Metro,Italy,,45.484683,9.202790
CTS,Sapporo-Chitose,Japan,,42.792594,141.670479
MBA,Mombasa,Kenya,,-4.043477,39.668207
CMB,Colombo,Sri Lanka,Kŏḷamba,6.927079,79.861243
ANM,Antalaha,Madagascar,,-14.906124,50.278549
CME,Ciudad del Carmen,Mexico,Campeche,18.650488,-91.807459
LBU,"Labuan, Sabah",Malaysia,,5.283146,115.230825
BGO,Bergen,Norway,Hordaland,60.391263,5.322054
AKL,Auckland,New Zealand,Auckland,-36.848460,174.763332
MAS,Manus Island,Papua New Guinea,,-2.094117,146.876095
SJU,San Juan,Puerto Rico,,18.465539,-66.105736
CLJ,Cluj Napoca,Romania,,46.771210,23.623635
TUU,Tabuk,Saudi Arabia,,28.383508,36.566191
DYU,Dushanbe,Tajikistan,,38.559772,68.787038
ANC,Anchorage,United States,Alaska,61.218056,-149.900278
BIS,Bismark,United States,North Dakota,46.808327,-100.783739
CVG,Cincinnati,United States,Kentucky,39.103118,-84.512020
FMY,Fort Myers-Page Field,United States,Florida,26.586933,-81.867859
LAS,Las Vegas,United States,Nevada,36.169941,-115.139830
MGC,Michigan City,United States,Indiana,41.707539,-86.895030
SJC,San Jose,United States,California,37.338208,-121.886329
SVD,St Vincent,Saint Vincent And The Grenadines,,13.250734,-61.187952
DZA,Dzaoudzi,Mayotte,,-12.785264,45.258340
DWC,Dubai - Al Maktoum Intl,United Arab Emirates,,24.897788,55.143102
BAH,Bahrain,Bahrain,Muharraq,26.0667,50.5577
NAT,Natal,Brazil,Rio Grande do Norte,-5.779257,-35.200916
YQL,Lethbridge,Canada,Alberta,49.693490,-112.841840
GVA,Geneva,Switzerland,Genève (fr),46.204391,6.143158
SHE,Shenyang,China,,41.805699,123.431472
SJO,San Jose,Costa Rica,,9.928069,-84.090725
FMO,Muenster,Germany,,51.960665,7.626135
PUJ,Punta Cana,Dominican Republic,,18.582010,-68.405473
ALC,Alicante,Spain,,38.345996,-0.490686
TFS,Tenerife-Sur Reina Sofia,Spain,,28.045772,-16.576216
CFE,Clermont-Ferrand,France,Puy-de-Dôme,45.777222,3.087025
LBV,Libreville,Gabon,,0.416198,9.467268
LGW,London-Gatwick,United Kingdom,,51.153662,-0.182063
CKY,Conakry,Guinea,,9.641186,-13.578401
GEO,Georgetown,Guyana,,6.801279,-58.155126
JOG,Yogyakarta,Indonesia,DI Yogyakarta,-7.795580,110.369490
CJB,Coimbatore,India,Tamil Nadu,11.016845,76.955832
PNP,Popondetta,Papua New Guinea,,,
VPS,Destin/Ft Walton Beach,United States,,,
MDG,Mudanjiang,China,,,
LPQ,Luang Prabang,Lao People'S Democratic Republic,,,
BUR,Burbank,United States,California,34.180839,-118.308966
MOL,Molde,Norway,Møre og Romsdal,62.737235,7.160731
DFW,Dallas-Fort Worth,United States,Texas,32.899809,-97.040335
LHR,London-Heathrow,United Kingdom,"London, City of",51.470022,-0.454296
VTZ,Vishakhapatnam,India,,17.686816,83.218482
MDT,Harrisburg-Intl,United States,Pennsylvania,40.194238,-76.757667
ZYL,Sylhet,Bangladesh,,24.904539,91.861101
BNX,Banja Luka,Bosnia And Herzegovina,Republika Srpska,44.772181,17.1910
ZBF,Bathurst,Canada,New Brunswick,47.618351,-65.651336
YGR,Iles De La Madeleine,Canada,Quebec,47.387701,-61.901198
IPC,Easter Island,Chile,,-27.112723,-109.349687
MJM,Mbuji Mayi,"Congo, The Democratic Republic Of The",,-6.130671,23.596658
KTT,Kittila,Finland,,67.650732,24.915820
AXD,Alexandroupolis,Greece,,40.845719,25.873962
EFL,Kefalonia,Greece,,38.175368,20.569218
JSI,Skiathos,Greece,,39.163520,23.490167
CNP,Neerlerit Inaat,Greenland,,70.741477,-22.648820
XTV,Tikrit,Iraq,,34.618720,43.656722
MYJ,Matsuyama,Japan,Ehime,33.839157,132.765575
MJN,Majunga,Madagascar,,-15.692149,46.333686
ACA,Acapulco,Mexico,Guerrero,16.853109,-99.823653
PBC,Puebla,Mexico,Puebla,19.041297,-98.2062
GRQ,Groningen,Netherlands,Groningen,53.219384,6.566502
HFT,Hammerfest,Norway,Finnmark,70.663236,23.681727
SVJ,Svolvaer,Norway,,68.234309,14.568224
MPH,Caticlan,Philippines,,11.925306,121.953506
LGP,Legaspi,Philippines,Province of Albay,13.139062,123.7438
TWT,Tawitawi,Philippines,,5.133811,119.950926
SBZ,Sibiu,Romania,,45.798327,24.125583
MMK,Murmansk,Russian Federation,,68.958524,33.082660
FUE,Fuerteventura,Spain,,28.358744,-14.053676
PNA,Pamplona,Spain,,42.812526,-1.645775
LBD,Khudzhand,Tajikistan,,40.267516,69.645288
EZS,Elazig,Turkey,Elazığ,38.674816,39.222515
IOM,Isle Of Man,United Kingdom,,54.236107,-4.548056
AMA,Amarillo,United States,Texas,35.221997,-101.831297
GPT,Gulfport/Biloxi,United States,Mississippi,,
MGM,Montgomery,United States,Alabama,32.366805,-86.299969
NVI,Navoi,Uzbekistan,,40.103922,65.368834
LSI,Shetland Islands-Sumburgh,United Kingdom,,59.869131,-1.287109
MCP,Macapa,Brazil,Amapa,0.035574,-51.070535
FSP,St Pierre,Saint Pierre And Miquelon,,,
BEY,Beirut,Lebanon,Beyrouth,33.893791,35.501777
TLC,Toluca,Mexico,México,19.282610,-99.655665
KRS,Kristiansand,Norway,Vest-Agder,58.159912,8.018206
LED,St. Petersburg,Russian Federation,,59.934280,30.335099
POS,Port of Spain,Trinidad And Tobago,,10.654901,-61.501926
DTT,Detroit-Metro,United States,Michigan,42.216172,-83.355384
SHV,Shreveport,United States,Louisiana,32.525152,-93.750179
SPS,Wichita Falls,United States,Texas,33.913709,-98.493387
GIG,Rio de Janeiro-Intl,Brazil,Rio de Janeiro,-22.813410,-43.249423
PNR,Pointe Noire,Congo,,-4.769162,11.866362
MDE,Medellin,Colombia,Antioquia,6.244203,-75.581212
URO,Rouen,France,Seine-Maritime,49.443232,1.099971
CFU,Corfu,Greece,,39.624262,19.921678
SSH,Sharm El Sheikh,Egypt,,27.915818,34.329951
UUD,Ulan-Ude,Russian Federation,,51.823879,107.607338
NJF,Al Najaf,Iraq,,32.027376,44.333117
KRR,Krasnodar,Russian Federation,,45.039267,38.987221
TUS,Tucson,United States,Arizona,32.221743,-110.926479
MAF,Midland,United States,Michigan,,
FCO,Rome-Da Vinci,Italy,,41.854677,12.480370
MRU,Mauritius,Mauritius,,-20.348404,57.552152
OSL,Oslo Airport,Norway,Oslo,60.197550,11.100415
MOW,Moscow-Metro,Russian Federation,,,
CNX,Chiang Mai,Thailand,,18.706064,98.981716
BDL,Hartford-Bradley,United States,Connecticut,41.938874,-72.686031
GRR,Grand Rapids,United States,Michigan,42.963360,-85.668086
SAN,San Diego-Lindbergh Field,United States,California,32.733801,-117.193304
PPG,Pago Pago,American Samoa,,-14.275632,-170.702036
CNF,Belo Horizonte-Tancredo Neves Intl,Brazil,,-19.634099,-43.965396
LHW,Lanzhou,China,,36.061089,103.834303
HAJ,Hannover,Germany,Niedersachsen,52.375892,9.732010
ORY,Paris-Orly,France,,48.726243,2.365247
RSW,Fort Myers-Southwest Florida,United States,Florida,26.533705,-81.755308
NFG,Nefteyugansk,Russian Federation,,61.098064,72.581647
KEF,Keflavik Intl,Iceland,,63.986807,-22.627967
PPS,Puerto Princesa,Philippines,,9.967216,118.785510
YVA,Moroni,Comoros,,-11.717216,43.247315
ATZ,Assiut,Egypt,,27.178312,31.185926
JKL,Kalymnos,Greece,,36.953309,26.979813
MLO,Milos,Greece,,36.691446,24.393566
JUV,Upernavik,Greenland,,72.786288,-56.137553
CUF,Cuneo,Italy,Cuneo,44.384477,7.542671
ZLO,Manzanillo,Mexico,Colima,19.113809,-104.338462
MQN,Mo I Rana,Norway,,66.313712,14.141975
TAC,Tacloban,Philippines,,11.254339,124.961687
LLA,Lulea,Sweden,,65.584819,22.156703
MPW,Mariupol,Ukraine,,47.097133,37.543367
MME,Teesside,United Kingdom,Middlesbrough,,
LIH,Lihue/Kauai,United States,Hawaii,21.981111,-159.371111
TLH,Tallahassee,United States,Florida,30.438256,-84.280733
YYD,Smithers,Canada,British Columbia,54.782355,-127.168554
ANK,Ankara-Metro,Turkey,,39.891156,32.933589
IAD,Washington-Dulles,United States,Virginia,38.953116,-77.456539
SDD,Lubango,Angola,,-14.918614,13.532123
ALN,Alton,United States,Illinois,38.890604,-90.184276
FCA,Kalispell,United States,Montana,48.191989,-114.316813
SFY,Springfield,United States,Massachusetts,42.101483,-72.589811
BRN,Berne,Switzerland,,46.947974,7.447447
ZHA,Zhanjiang,China,,21.270702,110.359368
HEL,Helsinki,Finland,Uusimaa,60.169856,24.938379
BRS,Bristol,United Kingdom,"Bristol, City of",51.454513,-2.587910
KNO,Medan,Indonesia,Sumatera Utara,3.595196,98.672223
BGY,Milan-Orio Al Serio,Italy,,45.669571,9.703631
MAJ,Majuro,Marshall Islands,Majuro,7.116421,171.185774
MCT,Muscat,Oman,Muscat,23.585890,58.405923
PDL,Ponta Delgada,Portugal,Região Autónoma dos Açores,37.742830,-25.680587
SZF,Samsun,Turkey,Samsun,41.279703,36.336067
NMA,Namangan,Uzbekistan,,41.005773,71.643603
NRK,Norrkoping,Sweden,Östergötland,58.587745,16.192421
VSA,Villahermosa,Mexico,Tabasco,17.989456,-92.947506
PIE,St Petersburg,United States,Florida,27.751828,-82.626735
CWB,Curitiba,Brazil,Parana,-25.424429,-49.265382
YLW,Kelowna,Canada,British Columbia,49.887952,-119.496011
CIA,Rome-Ciampino,Italy,,41.799029,12.593282
RTW,Saratov,Russian Federation,,51.592365,45.960803
LAE,Lae,Papua New Guinea,,-6.715525,146.999905
BLA,Barcelona,"Venezuela, Bolivarian Republic Of",,10.144569,-64.677680
TDD,Trinidad,"Bolivia, Plurinational State Of",El Beni,-14.825832,-64.900025
PKU,Pekanbaru,Indonesia,Riau,0.507068,101.447779
UAQ,San Juan,Argentina,San Juan,-31.535107,-68.538594
ULN,Ulaanbaatar,Mongolia,,47.886399,106.905744
DLC,Dalian,China,Liaoning,38.914003,121.614682
SDQ,Santo Domingo,Dominican Republic,Distrito Nacional (Santo Domingo),18.486058,-69.931212
ANE,Angers,France,Maine-et-Loire,47.478419,-0.563166
SKP,Skopje,"Macedonia, The Former Yugoslav Republic Of",,41.997346,21.427996
WRE,Whangarei,New Zealand,Northland,-35.725112,174.323708
FNC,Funchal,Portugal,,32.666933,-16.924055
HHA,Huanghua,China,Zhejiang,38.371402,117.329949
LCV,Lucca,Italy,Lucca,43.837621,10.495061
NBE,Enfidha,Tunisia,,36.134153,10.375055
NOZ,Novokuznetsk,Russian Federation,,53.759594,87.121571
STL,St Louis,United States,Missouri,38.627003,-90.199404
BJS,Beijing- Metro,China,,,
EUN,Laayoune,Morocco,,27.125287,-13.162501
TUN,Tunis,Tunisia,,36.806495,10.181532
SJJ,Sarajevo,Bosnia And Herzegovina,Kanton Sarajevo,43.856259,18.413076
ECN,Ercan,Cyprus,Lefkosia,35.158773,33.503990
GUM,Guam,Guam,,13.444304,144.793731
DEL,Delhi,India,Delhi,28.704059,77.102490
STO,Stockholm-Metro,Sweden,,,
SBH,St. Barthelemy,Guadeloupe,,16.254288,-61.531419
LSC,La Serena,Chile,Coquimbo,-29.902669,-71.251937
IVL,Ivalo,Finland,Lappi,68.657642,27.539706
RVN,Rovaniemi,Finland,Lappi,66.503948,25.729391
HLP,Jakarta-Halim,Indonesia,,-6.240402,106.879267
NDB,Nouadhibou,Mauritania,,20.942518,-17.036227
GIS,Gisborne,New Zealand,Gisborne,-38.662334,178.017649
USU,Busuanga,Philippines,,12.147639,120.020296
ELS,East London,South Africa,,-33.029158,27.854587
UDJ,Uzhgorod,Ukraine,,48.6208,22.287883
PWM,Portland,United States,Maine,45.523062,-122.676482
YDF,Deer Lake,Canada,Newfoundland and Labrador,49.173168,-57.433873
CJC,Calama,Chile,Antofagasta,-22.454392,-68.929382
MEL,Melbourne,Australia,Victoria,-37.813628,144.963058
TIV,Tivat,Montenegro,Tivat,42.434981,18.706640
POP,Puerto Plata,Dominican Republic,,19.780769,-70.687109
ASB,Ashgabad,Turkmenistan,,37.960077,58.326063
ABE,Allentown,United States,Pennsylvania,40.608431,-75.490183
FAI,Fairbanks,United States,Alaska,64.837778,-147.716389
WSG,Washington,United States,Pennsylvania,47.751074,-120.740139
VIT,Vitoria,Spain,,42.859166,-2.681792
BUD,Budapest,Hungary,Budapest,47.497912,19.040235
TRW,Tarawa,Kiribati,,1.451817,172.971662
MFM,Macau,Macao,,22.198745,113.543873
TOS,Tromso,Norway,,69.649205,18.955324
DOH,Doha,Qatar,Ad Dawḩah,25.285447,51.531040
JER,Jersey,United Kingdom,,49.214439,-2.131250
UND,Kunduz,Afghanistan,,36.728591,68.868066
ROR,"Koror, Palau Island",Palau,,7.341063,134.477160
NGS,Nagasaki,Japan,Nagasaki,32.750286,129.877667
KBR,Kota Bharu,Malaysia,,6.116786,102.277684
NSI,Yaounde-Nsimalen Airport,Cameroon,,3.714916,11.547693
LFT,Lafayette,United States,Louisiana,30.224090,-92.019843
GRU,Sao Paulo-Guarulhos,Brazil,Sao Paulo,-23.434553,-46.478126
PAP,Port-au- Prince,Haiti,,18.594395,-72.307433
FRL,Forli,Italy,,44.222740,12.040731
TAE,Taegu,"Korea, Republic Of",,35.871435,128.601445
ISB,Islamabad,Pakistan,Islamabad Capital Territory,33.729388,73.093146
VIE,Vienna,Austria,Wien,48.208174,16.373819
NVT,Navegantes,Brazil,Santa Catarina,-26.894792,-48.655069
KLX,Kalamata,Greece,,37.042237,22.114126
REL,Trelew,Argentina,Chubut,-43.249302,-65.307635
PNQ,Poona,India,,18.520430,73.856744
SFO,San Francisco,United States,California,37.774930,-122.419416
FSZ,Shizuoka,Japan,Shizuoka,34.977120,138.383085
OVB,Novosibirsk,Russian Federation,Novosibirskaya oblast',55.008353,82.935733
YAM,Sault Ste. Marie,Canada,Ontario,46.521858,-84.346090
SEE,San Diego-Gillespie Field,United States,California,32.826732,-116.972511
PEW,Peshawar,Pakistan,Khyber Pakhtunkhwa,34.014975,71.580490
TGU,Tegucigalpa,Honduras,,14.072275,-87.192136
AJA,Ajaccio,France,Corse-du-Sud,41.919229,8.738635
ALF,Alta,Norway,Finnmark,69.955030,23.327905
ONX,Colon,Panama,,9.359302,-79.899861
TKQ,Kigoma,"Tanzania, United Republic Of",,-4.649795,30.527910
HOD,Hodeidah,Yemen,,14.790912,42.970884
AAN,Al Ain,United Arab Emirates,,24.130162,55.802312
AXA,Anguilla,Anguilla,,18.220554,-63.068615
TOY,Toyama,Japan,Toyama,36.695952,137.213677
NDJ,N'Djamena,Chad,,12.134846,15.055742
BTU,"Bintulu, Sarawak",Malaysia,,3.171322,113.041907
SNA,Santa Ana,United States,California,33.745473,-117.867653
TVC,Traverse City,United States,Michigan,,
UPG,Makassar,Indonesia,Sulawesi Selatan,-5.147665,119.432731
ANR,Antwerp,Belgium,,51.219448,4.402464
EUX,St Eustatius,"Bonaire, Sint Eustatius And Saba",,17.489031,-62.973555
BOS,Boston,United States,Massachusetts,42.360083,-71.058880
VIL,Dakla,Morocco,,23.722111,-15.934738
MLW,Monrovia-Sprigg Payne,Liberia,,6.289444,-10.758333
HAK,Haikou,China,Hainan,20.044412,110.198286
ZUH,Zhuhai,China,Guangdong,22.270978,113.576677
BBA,Balmaceda,Chile,Aisen,-45.909431,-71.697620
SLC,Salt Lake City,United States,Utah,40.760779,-111.891047
TSR,Timisoara,Romania,,45.748872,21.208679
BTJ,Banda Aceh,Indonesia,Aceh,5.548290,95.323756
ORH,Worcester,United States,Massachusetts,42.262593,-71.802293
SAV,Savannah,United States,Georgia,32.083541,-81.099834
CNS,Cairns,Australia,Queensland,-16.918551,145.778055
RIO,Rio de Janeiro-Metro,Brazil,,-22.984701,-43.196890
BFS,Belfast Intl,United Kingdom,,54.661781,-6.216244
PMI,Palma de Mallorca,Spain,,39.569601,2.650160
IST,Istanbul-Ataturk,Turkey,Istanbul,40.982989,28.810443
BRI,Bari,Italy,Bari,41.117143,16.871872
PMO,Palermo,Italy,Palermo,38.115688,13.361267
ALG,Algiers,Algeria,,36.753768,3.058756
VGO,Vigo,Spain,Provincia de Pontevedra,42.240599,-8.720727
SOU,Southampton,United Kingdom,Hampshire,50.9097,-1.404351
GUA,Guatemala City,Guatemala,,14.634915,-90.506882
MED,Medina,Saudi Arabia,,24.524654,39.569184
SAL,San Salvador,El Salvador,,13.692940,-89.218191
KBP,Kiev-Boryspil,Ukraine,,50.338222,30.893927
VAA,Vaasa,Finland,,63.095089,21.616456
LYP,Faisalabad,Pakistan,Punjab,31.418714,73.079107
ASU,Asuncion,Paraguay,,-25.263740,-57.575926
KUF,Samara,Russian Federation,,53.241504,50.221246
BYQ,Bunyu,Indonesia,,,
ORL,Orlando-Metro,United States,Florida,,
VIX,Vitoria,Brazil,Espirito Santo,-20.297618,-40.295777
TRN,Turin,Italy,,45.070339,7.686864
YQT,Thunder Bay,Canada,Ontario,48.380895,-89.247682
EVE,Evenes,Norway,,68.486720,16.896562
MHD,"Mashad, Iran","Iran, Islamic Republic Of",,36.260462,59.616755
LEI,Almeria,Spain,Provincia de Almeria,36.834047,-2.463714
SDL,Sundsvall,Sweden,Västernorrland,62.390811,17.306927
ROS,Rosario,Argentina,Santa Fe,-32.944243,-60.650539
AJU,Aracaju,Brazil,Sergipe,-10.947247,-37.073082
YCG,Castlegar,Canada,British Columbia,49.323741,-117.659334
CAS,Casablanca-Anfa,Morocco,,33.572933,-7.622267
TZX,Trabzon,Turkey,Trabzon,41.002697,39.716763
BHD,Belfast City,United Kingdom,,54.597285,-5.930120
DTW,Detroit-Wayne County,United States,Michigan,42.331427,-83.045754
SAP,San Pedro Sula,Honduras,,15.514920,-87.992268
SIA,Xi An,China,,34.341574,108.939770
MOI,"Mitiaro, Cook Island",Cook Islands,,-19.877475,-157.701988
ZCO,Temuco,Chile,Araucania,,
IBZ,Ibiza,Spain,,39.020010,1.482148
CYP,Calbayog,Philippines,,12.067575,124.592957
JOL,Jolo,Philippines,,5.969182,121.125214
CKR,Crane Island,United States,Washington,48.597989,-122.998822
KOA,Kona/Hawaii,United States,Hawaii,19.639994,-155.996926
CBB,Cochabamba,"Bolivia, Plurinational State Of",Cochabamba,-17.413977,-66.165322
KSA,"Kosrae, Caroline Is.","Micronesia, Federated States Of",,,
KOK,Kokkola,Finland,,63.8415,23.125034
ELQ,Gassim,Saudi Arabia,,25.827489,42.863788
BZG,Bydgoszcz,Poland,,53.123480,18.008438
IXE,Mangalore,India,Karnataka,12.914142,74.855957
NOV,Huambo,Angola,,-12.773976,15.746854
TOB,Tobruk,Libya,,32.068176,23.941751
TAG,Tagbilaran,Philippines,,9.672948,123.873002
ENS,Enschede,Netherlands,Overijssel,52.221537,6.893662
KKN,Kirkenes,Norway,Finnmark,69.726919,30.045043
KIV,Kishinev,"Moldova, Republic Of",,47.010453,28.863810
CMU,Kundiawa,Papua New Guinea,,,
TYN,Taiyuan,China,,37.870590,112.548879
YQM,Moncton,Canada,New Brunswick,46.087817,-64.778231
YZV,Sept-Iles,Canada,Quebec,50.213297,-66.375792
CYB,Cayman Brac,Cayman Islands,,19.723533,-79.801657
LBT,Lumberton,United States,North Carolina,34.618220,-79.008642
GEG,Spokane,United States,Washington,47.658780,-117.426047
JEG,Aasiaat,Greenland,,68.706977,-52.859122
JNS,Narsaq,Greenland,,60.912962,-46.050483
ERC,Erzincan,Turkey,Erzincan,39.746797,39.491124
JQA,Qaarsut,Greenland,,70.717880,-52.613129
AWZ,"Ahwaz, Iran","Iran, Islamic Republic Of",,31.318327,48.670619
SEZ,Mahe Island,Seychelles,,-4.682669,55.480396
CMH,Columbus-Intl  ,United States,Ohio,39.999940,-82.887177
NBO,Nairobi-Jomo Kenyatta,Kenya,Nairobi,-1.322710,36.926069
NTG,Nantong,China,Jiangsu,31.980171,120.894291
PFO,Paphos,Cyprus,Pafos,34.772013,32.429737
TFN,Tenerife-Norte Los Rodeos,Spain,,,
SMF,Sacramento-Intl,United States,California,38.695085,-121.590065
OLB,Olbia,Italy,Sassari,40.923576,9.496443
HKD,Hakodate,Japan,Hokkaido,41.768793,140.728810
CSY,Cheboksary,Russian Federation,,56.116766,47.262782
SVO,Moscow-Sheremetyevo,Russian Federation,,55.973648,37.412503
BGA,Bucaramanga,Colombia,,7.119349,-73.122742
TSF,Venice-Treviso,Italy,,45.653276,12.202081
CHS,Charleston,United States,South Carolina,32.776475,-79.931051
INN,Innsbruck,Austria,Tirol,47.269212,11.404102
NLK,Norfolk Island,Norfolk Island,,-29.040835,167.954712
LYR,Longyearbyen,Norway,,78.223172,15.626723
YGJ,Yonago,Japan,Tottori,35.428072,133.330945
CXI,Christmas Island,Christmas Island,,-10.447525,105.690449
UTN,Upington,South Africa,,-28.395268,21.236808
IFO,Ivano-Frankovsk,Ukraine,,48.922633,24.711117
CXR,Nha Trang,Zimbabwe,,12.238791,109.196749
PHC,Port Harcourt,Nigeria,,4.815554,7.049844
JIK,Ikaria Island,Greece,,37.596723,26.112308
PAS,Paros,Greece,,37.085394,25.151534
YVR,Vancouver,Canada,British Columbia,49.282729,-123.120738
ABJ,Abidjan,Côte D'Ivoire,,5.359952,-4.008256
MHT,Manchester,United States,Tennessee,,
FRW,Francistown,Botswana,North-East,-21.166101,27.514360
KYA,Konya,Turkey,Konya,37.874643,32.493155
BUH,Bucharest-Metro,Romania,Bucureşti,44.511726,26.0844
ROB,Monrovia-Roberts,Liberia,,6.241239,-10.352785
AGU,Aguascalientes,Mexico,Aguascalientes,21.885325,-102.291513
YZF,Yellowknife,Canada,Northwest Territory,,
IKT,Irkutsk,Russian Federation,,52.286974,104.305018
AEX,Alexandria Intl.,United States,,,
BLQ,Bologna,Italy,Bologna,44.494887,11.342616
GCM,Grand Cayman Island,Cayman Islands,,19.322170,-81.240869
STN,London-Stansted,United Kingdom,,51.886018,0.238866
MCI,Kansas City-Intl,United States,Missouri,39.300643,-94.712594
ANF,Antofagasta,Chile,Antofagasta,-23.650928,-70.397502
PUY,Pula,Croatia,Istarska županija,44.866623,13.849579
LRM,La Romana,Dominican Republic,,18.433865,-68.965882
CUR,Curacao,Curaçao,,12.169570,-68.990020
CGN,Cologne/Bonn,Germany,,50.870717,7.140734
JIB,Djibouti,Djibouti,Jībūtī / Djibouti,11.572077,43.145648
NCU,Nukus,Uzbekistan,,42.461891,59.616631
MEX,Mexico City,Mexico,México,19.432608,-99.133208
ARH,Arkhangel'sk,Russian Federation,,64.547251,40.560155
HRK,Kharkov,Ukraine,,49.9935,36.230383
KOI,"Kirkwall, Orkney Is.",United Kingdom,,58.984674,-2.962249
AVL,Asheville/Hendersonv.,United States,,,
CRD,Comodoro Rivadavia,Argentina,Chubut,-45.865615,-67.482243
MVB,Franceville,Gabon,,-1.619644,13.601546
NPE,Napier-Hastings,New Zealand,,-39.492844,176.912018
TPA,Tampa,United States,Florida,27.950575,-82.457178
PBM,Paramaribo,Suriname,,5.852036,-55.203828
ROC,Rochester,United States,New York,43.161030,-77.610922
TSV,Townsville,Australia,Queensland,-19.258964,146.816948
HAH,Moroni-Hahaya,Comoros,,-11.565232,43.272699
OKS,Oshkosh,United States,Nebraska,44.024706,-88.542614
CDG,Paris-CDG,France,Paris,49.009691,2.547925
HHN,Hahn,Germany,Rheinland-Pfalz,49.963291,7.2707
FJR,Al-Fujairah,United Arab Emirates,,25.411076,56.248228
HER,Heraklion,Greece,,35.338735,25.144213
CRK,Luzon Island,Philippines,,16.566232,121.262637
AAL,Aalborg,Denmark,,57.048820,9.921747
UAK,Narsarsuaq,Greenland,,61.156703,-45.425430
KHN,Nanchang,China,,28.682892,115.858197
CHI,Chicago-Metro,United States,Illinois,41.9498,-87.658795
GEN,Oslo-Gardermoen,Norway,,60.197550,11.100415
ZIG,Ziguinchor,Senegal,,12.564148,-16.263983
BFI,Seattle-Boeing Field,United States,Washington,47.528166,-122.301826
SDF,Louisville,United States,Kentucky,38.252665,-85.758456
LGK,Langkawi,Malaysia,Kedah,6.35,99.80